RecID;MStamp;MStation;Trefwoord
1000001;2006-06-24;1;taalgebruik
1000002;2006-06-24;1;"Promotie Landbouw, Tuinbouw en Zeevisserijproducten vzw."
1000003;2006-06-24;1;"Vlaams Fonds promotie producten landbouw/tuinbouw/zeevisserij"
1000004;2006-06-24;1;"Vlaamse dienst voor agro-marketing"
1000005;2006-06-24;1;VLAM
1000006;2006-06-24;1;"Vlaams Promotiecentrum voor Agro- en Visserijmarketing"
1000007;2006-06-24;1;vrijwilligerswerk
1000008;2006-06-24;1;huisvestingsmaatschappij
1000009;2006-06-24;1;huisvesting
1000010;2006-06-24;1;"Vlaamse tewerkstellingsconferentie"
1000011;2006-06-24;1;investeringsfonds
1000012;2006-06-24;1;"Vlaamse Gemeenschapscommissie"
1000013;2006-06-24;1;domeingoederen
1000014;2006-06-24;1;"onroerende goederen"
1000015;2006-06-24;1;"openbaar domein"
1000016;2006-06-24;1;"privaat domein"
1000017;2006-06-24;1;patrimonium
1000018;2006-06-24;1;bouwvergunning
1000019;2006-06-24;1;milieu-effectenrapport
1000020;2006-06-24;1;grondwater
1000021;2006-06-24;1;oppervlaktewater
1000022;2006-06-24;1;ARAB
1000023;2006-06-24;1;"algemeen reglement voor de arbeidsbescherming"
1000024;2006-06-24;1;afvalwater
1000025;2006-06-24;1;"dierlijk afval"
1000026;2006-06-24;1;afval
1000027;2006-06-24;1;"hinderlijke inrichting"
1000028;2006-06-24;1;Vlarem
1000029;2006-06-24;1;milieuvergunning
1000030;2006-06-24;1;"economisch beleid"
1000031;2006-06-24;1;KMO
1000032;2006-06-24;1;"kleine en middelgrote onderneming"
1000033;2006-06-24;1;"economische expansie"
1000034;2006-06-24;1;afvalvoorkoming
1000035;2006-06-24;1;"bijzonder plan van aanleg"
1000036;2006-06-24;1;"gemeentelijk plan van aanleg"
1000037;2006-06-24;1;"sociaal grondbeleid"
1000038;2006-06-24;1;arbeidsbemiddeling
1000039;2006-06-24;1;beroepsopleiding
1000040;2006-06-24;1;inspectie
1000041;2006-06-24;1;onderwijspersoneel
1000042;2006-06-24;1;"personeel onderwijs"
1000043;2006-06-24;1;"personeel psycho-medisch-sociaal centrum"
1000044;2006-06-24;1;reaffectatie
1000045;2006-06-24;1;"terbeschikkingstelling ontstentenis van betrekking"
1000046;2006-06-24;1;wachtgeld
1000047;2006-06-24;1;wedertewerkstelling
1000048;2006-06-24;1;"statuut onderwijspersoneel"
1000049;2006-06-24;1;"pedagogische begeleidingsdienst"
1000050;2006-06-24;1;VDAB
1000051;2006-06-24;1;"Vlaamse Dienst voor Arbeidsbemiddeling en Beroepsopleiding"
1000052;2006-06-24;1;"buitenlandse student"
1000053;2006-06-24;1;studietoelage
1000054;2006-06-24;1;studiebeurs
1000055;2006-06-24;1;"erkenningscommissie inzake outplacement, werving en selectie"
1000056;2006-06-24;1;arbeidsplaatsen
1000057;2006-06-24;1;tewerkstelling
1000058;2006-06-24;1;arbeidsvergunning
1000059;2006-06-24;1;werkgelegenheid
1000060;2006-06-24;1;selectiebureau
1000061;2006-06-24;1;wervingsbureau
1000062;2006-06-24;1;outplacement
1000063;2006-06-24;1;duinen
1000064;2006-06-24;1;kustduin
1000065;2006-06-24;1;gehandicapten
1000066;2006-06-24;1;"mentaal gehandicapten"
1000067;2006-06-24;1;"personen met een handicap"
1000068;2006-06-24;1;mindervaliden
1000069;2006-06-24;1;"Alden Biesen"
1000070;2006-06-24;1;"Landcommanderij Alden-Biesen"
1000071;2006-06-24;1;cultuurcentrum
1000072;2006-06-24;1;"statuut openbare instellingen"
1000073;2006-06-24;1;"Vlaamse openbare instellingen"
1000074;2006-06-24;1;luchtverontreiniging
1000075;2006-06-24;1;"vereniging zonder winstoogmerk"
1000076;2006-06-24;1;"federale terminologie"
1000077;2006-06-24;1;"Vlaamse Huisvestingsmaatschappij"
1000078;2006-06-24;1;"Instituut voor Bosbouw en Wildbeheer"
1000079;2006-06-24;1;"Instituut voor Natuurbehoud"
1000080;2006-06-24;1;provincie
1000081;2006-06-24;1;"lasten uit het verleden"
1000082;2006-06-24;1;"schulden van het verleden"
1000083;2006-06-24;1;rechtsopvolging
1000084;2006-06-24;1;Vlaams-Brabant
1000085;2006-06-24;1;visserij
1000086;2006-06-24;1;aquicultuur
1000087;2006-06-24;1;overheidsopdrachten
1000088;2006-06-24;1;gemeente
1000089;2006-06-24;1;ondernemersopleiding
1000090;2006-06-24;1;"voortdurende vorming voor de middenstand"
1000091;2006-06-24;1;middenstandsvorming
1000092;2006-06-24;1;bedrijfsbegeleiding
1000093;2006-06-24;1;"Raad voor Nederlandstalige dramatische kunst"
1000094;2006-06-24;1;podiumkunsten
1000095;2006-06-24;1;"Raad voor kunstencentra"
1000096;2006-06-24;1;"Raad voor dans"
1000097;2006-06-24;1;"Raad voor muziektheater"
1000098;2006-06-24;1;pensioen
1000099;2006-06-24;1;ambtenaren
1000100;2006-06-24;1;"statuut ambtenaar"
1000101;2006-06-24;1;dienstencentrum
1000102;2006-06-24;1;"centrum voor dagverzorging"
1000103;2006-06-24;1;dagverzorgingscentrum
1000104;2006-06-24;1;serviceflat
1000105;2006-06-24;1;rusthuis
1000106;2006-06-24;1;"voorzieningen voor bejaarden"
1000107;2006-06-24;1;bejaarden
1000108;2006-06-24;1;VIPA
1000109;2006-08-25;1;"Vlaams infrastructuurfonds voor Persoonsgebonden Aangelegenheden"
1000110;2006-06-24;1;BRTN
1000111;2006-06-24;1;VRT
1000112;2006-06-24;1;"Vlaamse Radio en Televisie"
1000113;2006-06-24;1;gemeentepersoneel
1000114;2006-06-24;1;"statuut gemeentepersoneel"
1000115;2006-06-24;1;"Waterwegen en Zeekanaal"
1000116;2006-06-24;1;"Zeekanaal en Watergebonden Grondbeheer Vlaanderen"
1000117;2006-06-24;1;"NV Zeekanaal en Watergebonden Grondbeheer Vlaanderen"
1000118;2006-06-24;1;VFSIPH
1000119;2006-06-24;1;"Vlaams Fonds Sociale Integratie Personen met een Handicap"
1000120;2006-06-24;1;"sociale integratie"
1000121;2006-06-24;1;"zelfstandig wonen"
1000122;2006-06-24;1;"Instituut voor het Archeologisch Patrimonium"
1000123;2006-06-24;1;"Vlaamse Archeologische Raad"
1000124;2006-06-24;1;"archeologisch patrimonium"
1000125;2006-06-24;1;migranten
1000126;2006-06-24;1;milieubeleidsovereenkomst
1000127;2006-06-24;1;"Fonds voor preventie en sanering inz. leefmilieu en natuur"
1000128;2006-06-24;1;mina-fonds
1000129;2006-06-24;1;"Vlaamse Milieumaatschappij"
1000130;2006-06-24;1;beroepsonderwijs
1000131;2006-06-24;1;"secundair onderwijs"
1000132;2006-06-24;1;vennootschap
1000133;2006-06-24;1;intercommunale
1000134;2006-06-24;1;"openbaar psychiatrisch centrum"
1000135;2006-06-24;1;"Openbaar Psychiatrisch Ziekenhuis"
1000136;2006-06-24;1;"gebouwenfonds voor de rijksscholen"
1000137;2006-06-24;1;"commissariaat-generaal voor de internationale samenwerking"
1000138;2006-06-24;1;"Maatschappij voor Brugse Zeevaartinrichtingen"
1000139;2006-06-24;1;"Dienst voor de Scheepvaart"
1000140;2006-06-24;1;"Vlaamse Maatschappij voor Watervoorziening"
1000141;2006-06-24;1;"Dienst Infrastructuurwerken van het Gesubsidieerd Onderwijs"
1000142;2006-06-24;1;DIGO
1000143;2006-06-24;1;ARGO
1000144;2006-06-24;1;"Autonome Raad voor het Gemeenschapsonderwijs"
1000145;2006-06-24;1;"Kind en Gezin"
1000146;2006-06-24;1;"Toerisme Vlaanderen"
1000147;2006-06-24;1;"Vlaamse Maatschappij voor Waterzuivering"
1000148;2006-06-24;1;Wegenfonds
1000149;2006-06-24;1;"Vlaamse Landmaatschappij"
1000150;2006-06-24;1;OVAM
1000151;2006-06-24;1;"Openbare Afvalstoffenmaatschappij voor het Vlaamse Gewest"
1000152;2012-03-15;1;"Vlaams Commissariaat-Generaal Bevordering Lichamelijke Ontwikkeling, Sport en Openluchtrecreatie"
1000153;2006-06-24;1;BLOSO
1000154;2006-06-24;1;fonds
1000155;2006-06-24;1;begrotingsfonds
1000156;2006-06-24;1;"bijzondere jeugdbijstand"
1000157;2006-06-24;1;"bestuurlijk beleid"
1000158;2006-06-24;1;GIS
1000159;2006-06-24;1;"Geografisch Informatiesysteem"
1000160;2006-06-24;1;diploma
1000161;2006-06-24;1;getuigschrift
1000162;2006-06-24;1;bekwaamheidsbewijs
1000163;2006-06-24;1;"buitengewoon onderwijs"
1000164;2006-06-24;1;godsdienstonderwijs
1000165;2006-06-24;1;kunstonderwijs
1000166;2006-06-24;1;"Fonds voor het Werelderfgoed"
1000167;2006-06-24;1;"commissie voor het Werelderfgoed"
1000168;2006-06-24;1;"cultureel en natuurlijk erfgoed"
1000169;2006-06-24;1;"commissie dierlijk afval"
1000170;2006-06-24;1;volksontwikkeling
1000171;2006-06-24;1;"sociaal-cultureel vormings- en ontwikkelingswerk"
1000172;2006-06-24;1;"Vlaamse Raad voor Wetenschapsbeleid"
1000173;2006-06-24;1;"centrum voor beroepsopleiding"
1000174;2006-06-24;1;"subregionaal tewerkstellingscomité"
1000175;2006-06-24;1;presentiegeld
1000176;2006-06-24;1;"rationalisatie en programmatie"
1000177;2006-06-24;1;woonwagenbewoners
1000178;2006-06-24;1;zigeuners
1000179;2006-06-24;1;basisonderwijs
1000180;2012-03-15;1;"Vlaams Instituut Bevordering Wetenschappelijk-Technologisch Onderzoek Industrie"
1000181;2006-06-24;1;IWT
1000182;2006-06-24;1;specialisatiebeurs
1000183;2006-06-24;1;"plan van aanleg"
1000184;2006-06-24;1;gewestplan
1000185;2006-06-24;1;leerlingenbegeleiding
1000186;2006-06-24;1;"centrum voor leerlingenbegeleiding"
1000187;2006-06-24;1;ziektecontrole
1000188;2006-06-24;1;kinderdagverblijf
1000189;2006-06-24;1;kinderopvang
1000190;2006-06-24;1;uitzendbureau
1000191;2006-06-24;1;uitzendarbeid
1000192;2006-06-24;1;dorpsgezicht
1000193;2006-06-24;1;stadsgezicht
1000194;2006-06-24;1;monument
1000195;2006-06-24;1;delegatie
1000196;2006-06-24;1;schooljaar
1000197;2006-06-24;1;"onderwijs voor sociale promotie"
1000198;2006-06-24;1;"sociale promotie"
1000199;2006-06-24;1;VIZO
1000200;2006-06-24;1;"Vlaams Instituut voor het Zelfstandig Ondernemen"
1000201;2006-06-24;1;"lager onderwijs"
1000202;2006-06-24;1;kleuteronderwijs
1000203;2006-06-24;1;bachelorsopleiding
1000204;2006-06-24;1;"hoger onderwijs"
1000205;2006-06-24;1;onderwijsdecreet
1000206;2006-06-24;1;"academisch onderwijs"
1000207;2006-06-24;1;universiteit
1000208;2006-06-24;1;"Investeren in Vlaanderen"
1000209;2006-06-24;1;"Universitair Ziekenhuis Gent"
1000210;2006-06-24;1;ziekenhuis
1000212;2006-06-24;1;Aquafin
1000213;2006-06-24;1;"sociale economie"
1000214;2006-06-24;1;"Stichting voor de Vlaamse pers"
1000215;2006-06-24;1;restauratiepremie
1000216;2006-06-24;1;"centrum voor amateurkunsten"
1000217;2006-06-24;1;"Vlaams Landbouwinvesteringsfonds"
1000218;2006-06-24;1;"Vlaamse audiovisuele selectiecommissie"
1000219;2006-06-24;1;"Film in Vlaanderen"
1000220;2006-06-24;1;programmadecreet
1000221;2006-06-24;1;"examencommissie van de Vlaamse Gemeenschap"
1000222;2006-06-24;1;VLOR
1000223;2006-06-24;1;"Vlaamse onderwijsraad"
1000224;2006-06-24;1;"Hogere Zeevaartschool"
1000225;2006-06-24;1;homologatiecommissie
1000226;2006-06-24;1;"commissaris van de Vlaamse regering"
1000227;2006-06-24;1;gemeenschapscommissaris
1000228;2006-06-24;1;regeringscommissaris
1000229;2006-06-24;1;inschrijvingsgeld
1000230;2006-06-24;1;hogeschool
1000231;2006-06-24;1;reiskosten
1000232;2006-06-24;1;verblijfskosten
1000233;2006-06-24;1;vergoeding
1000234;2006-06-24;1;keuringsarts
1000235;2006-06-24;1;schoolsport
1000236;2006-06-24;1;sport
1000237;2006-06-24;1;"medisch verantwoorde sportbeoefening"
1000238;2006-06-24;1;"levensbeschouwelijke vakken"
1000239;2006-06-24;1;ontwikkelingsdoelen
1000240;2006-06-24;1;eindtermen
1000241;2006-06-24;1;"Vlaamse autonome hogescholen"
1000242;2006-06-24;1;ruilverkaveling
1000243;2006-06-24;1;laboratorium
1000244;2006-06-24;1;wateranalyse
1000245;2006-06-24;1;"Stichting voor de Vlaamse Schoolsport"
1000246;2006-06-24;1;leerlingenvervoer
1000247;2006-06-24;1;"beeldende kunst"
1000248;2006-06-24;1;woongebouw
1000249;2006-06-24;1;huisvestingspremie
1000250;2006-06-24;1;ecologie
1000251;2006-06-24;1;milieubeleid
1000252;2006-06-24;1;veeteelt
1000253;2006-06-24;1;mestbank
1000254;2006-06-24;1;meststoffen
1000255;2006-06-24;1;"Luchthaven Oostende"
1000256;2006-06-24;1;"Luchthaven Antwerpen"
1000257;2006-06-24;1;VDBH
1000258;2006-06-24;1;"Vlaamse Dienst voor Buitenlandse Handel"
1000259;2006-06-24;1;"Export Vlaanderen"
1000260;2006-06-24;1;"De Brakke Grond"
1000261;2006-06-24;1;"Kasteeldomein van Gaasbeek"
1000262;2006-06-24;1;"Koninklijk Museum voor Schone Kunsten te Antwerpen"
1000263;2006-06-24;1;"Vlaams Infrastructuurfonds"
1000264;2006-06-24;1;"Investeringsfonds voor Grond- en Woonbeleid Vlaams-Brabant"
1000265;2006-06-24;1;Vlabinvest
1000266;2006-06-24;1;uren-leraar
1000267;2006-06-24;1;muziek
1000268;2006-06-24;1;woordkunst
1000269;2006-06-24;1;dans
1000270;2006-06-24;1;geco
1000271;2006-06-24;1;"gesubsidieerde contractuelen"
1000272;2006-06-24;1;relatiebemiddeling
1000273;2006-06-24;1;huwelijksbemiddeling
1000274;2006-06-24;1;recreatie
1000275;2006-06-24;1;kampeerterrein
1000276;2006-06-24;1;openluchtrecreatie
1000277;2006-06-24;1;inzagerecht
1000278;2006-06-24;1;OCMW
1000279;2006-06-24;1;"openbaar centrum voor maatschappelijk welzijn"
1000280;2006-06-24;1;Grindfonds
1000281;2006-06-24;1;grindwinning
1000282;2006-06-24;1;"Participatiemaatschappij Vlaanderen"
1000283;2006-06-24;1;"Vlaamse Participatiemaatschappij"
1000284;2006-06-24;1;"Egalisatiefonds voor de responsabiliseringsbijdragen"
1000285;2006-06-24;1;"Stichting Vlaams erfgoed"
1000286;2006-06-24;1;"Fonds voor de landbouwvorming"
1000287;2006-06-24;1;kinderverzorging
1000288;2006-06-24;1;bos
1000289;2006-06-24;1;jeugdzorg
1000290;2006-06-24;1;"bijzondere jeugdzorg"
1000291;2006-06-24;1;"comité voor bijzondere jeugdzorg"
1000292;2006-06-24;1;werkloosheid
1000293;2006-06-24;1;onderwijsinstelling
1000294;2006-06-24;1;"Fonds financiering urgentieplan voor sociale huisvesting"
1000295;2006-06-24;1;gewestwaarborg
1000296;2006-06-24;1;"Vlaams Waarborgfonds"
1000297;2006-06-24;1;vogelvangst
1000298;2006-06-24;1;zelfstandigen
1000299;2006-06-24;1;herwaarderingsgebied
1000300;2006-06-24;1;dorpsherwaardering
1000301;2006-06-24;1;stadsherwaardering
1000302;2006-06-24;1;"statuut provinciepersoneel"
1000303;2006-06-24;1;GOM
1000304;2006-06-24;1;"Gewestelijke Ontwikkelingsmaatschappij"
1000305;2006-06-24;1;onteigening
1000306;2006-06-24;1;geluidsmeting
1000307;2006-06-24;1;mijnwerker
1000308;2006-06-24;1;huisvestingscode
1000309;2006-06-24;1;waterwingebied
1000310;2006-06-24;1;watervoorziening
1000311;2006-06-24;1;waterhuishouding
1000312;2006-06-24;1;jachthaven
1000313;2006-06-24;1;zeehaven
1000314;2006-06-24;1;haven
1000315;2006-06-24;1;"bevaarbare waterlopen"
1000316;2006-06-24;1;dijken
1000317;2006-06-24;1;kanalen
1000318;2006-06-24;1;zeewering
1000319;2006-06-24;1;waterwegen
1000320;2006-06-24;1;watervang
1000321;2006-06-24;1;ecotaks
1000322;2006-06-24;1;milieutaks
1000323;2006-06-24;1;milieuheffing
1000324;2006-06-24;1;"administratief toezicht"
1000325;2006-06-24;1;"vice-gouverneur van Brabant"
1000326;2006-06-24;1;dieren
1000327;2006-06-24;1;natuurbehoud
1000328;2006-06-24;1;belangenconflict
1000329;2006-06-24;1;overlegcomité
1000330;2006-06-24;1;"financiering Gemeenschappen en Gewesten"
1000331;2006-06-24;1;staatshervorming
1000332;2006-06-24;1;"hervorming der instellingen"
1000333;2006-06-24;1;"Gemeenschapsinstelling voor bijzondere jeugdbijstand"
1000334;2006-06-24;1;"Fonds medische, sociale en pedagogische zorg voor gehandicapten"
1000335;2006-06-24;1;gemeenschapsafgevaardigde
1000336;2006-06-24;1;"psycho-medisch-sociaal centrum"
1000337;2006-06-24;1;"Vlaamse investeringsmaatschappijen"
1000338;2006-06-24;1;"medisch schooltoezicht"
1000339;2006-06-24;1;doventolk
1000340;2006-06-24;1;handelspromotie
1000341;2006-06-24;1;"Europese unie"
1000342;2006-06-24;1;"Interministeriële conferentie buitenlands beleid"
1000343;2006-06-24;1;"internationale organisatie"
1000344;2006-06-24;1;wild
1000345;2006-06-24;1;jacht
1000346;2006-06-24;1;afschotplan
1000347;2006-06-24;1;jachtverlof
1000348;2006-06-24;1;jachtvergunning
1000349;2006-06-24;1;bouwsubsidie
1000350;2006-06-24;1;huursubsidie
1000351;2006-06-24;1;"amateuristische kunstbeoefening"
1000352;2006-06-24;1;kunstambacht
1000353;2006-06-24;1;"sociale huisvestingsmaatschappij"
1000354;2006-06-24;1;"sociale huurstelsel"
1000355;2006-06-24;1;gemeentefonds
1000356;2006-06-24;1;"Vlaams Gemeentefonds"
1000357;2006-06-24;1;vaarvergunning
1000358;2006-06-24;1;presti
1000359;2006-06-24;1;"preventiestimulerend programma"
1000360;2006-06-24;1;"wetenschappelijk onderzoek"
1000361;2006-06-24;1;lening
1000362;2006-06-24;1;"Vlaams Fonds bouw ziekenhuizen en medisch-sociale instellingen"
1000363;2006-06-24;1;"openbaarheid van bestuur"
1000364;2006-06-24;1;internaat
1000365;2006-06-24;1;Gimvindus
1000366;2006-06-24;1;"Milieu- en Natuurraad van Vlaanderen"
1000367;2006-06-24;1;minaraad
1000368;2006-06-24;1;milieuvereniging
1000369;2006-06-24;1;natuurvereniging
1000370;2006-06-24;1;jeugdhulp
1000371;2006-06-24;1;jeugdbijstand
1000372;2006-06-24;1;gas
1000373;2006-06-24;1;petroleum
1000374;2006-06-24;1;energie
1000375;2006-06-24;1;"arbeidsgeneeskundig toezicht"
1000376;2006-06-24;1;bedrijfsopleiding
1000377;2006-06-24;1;"hypothecaire lening"
1000378;2006-06-24;1;volkswoning
1000379;2006-06-24;1;"kleine landeigendom"
1000380;2006-06-24;1;doping
1000381;2006-06-24;1;geluidshinder
1000382;2006-06-24;1;inenting
1000383;2006-06-24;1;vaccinatie
1000384;2006-06-24;1;minderjarige
1000385;2006-06-24;1;"academische graad"
1000386;2006-06-24;1;"gemachtigde van financiën"
1000387;2006-06-24;1;"raad van bestuur"
1000388;2006-06-24;1;provinciefonds
1000389;2006-06-24;1;"Vlaams Provinciefonds"
1000390;2006-06-24;1;"logiesverstrekkende bedrijven"
1000391;2006-06-24;1;"grote onderneming"
1000392;2006-06-24;1;FNSV
1000393;2006-06-24;1;glasverpakkingsnijverheid
1000394;2006-06-24;1;scheepsbouw
1000395;2006-06-24;1;scheepsherstelling
1000396;2006-06-24;1;staalnijverheid
1000397;2006-06-24;1;steenkoolmijn
1000398;2006-06-24;1;textielnijverheid
1000399;2006-06-24;1;"nationale sectoren"
1000400;2006-06-24;1;"wetenschappelijke instellingen"
1000401;2006-06-24;1;"Fonds Bevordering Industrieel Onderzoek in Vlaanderen"
1000402;2006-06-24;1;"Fonds Econom. Expansie/Regionale Reconversie-kleine onderneminge"
1000403;2006-06-24;1;"Fonds Econom. Expansie/Regionale Reconversie-middel/grote ondern"
1000404;2006-06-24;1;"Vlaams Fonds voor de Lastendelging"
1000405;2006-06-24;1;"openbare bibliotheek"
1000406;2006-06-24;1;bibliotheek
1000407;2006-06-24;1;"Vlaams centrum voor het openbaar bibliotheekwerk"
1000408;2006-06-24;1;"Vlaamse Milieuholding"
1000409;2006-06-24;1;GIMV
1000410;2006-06-24;1;"Gewestelijke Investeringsmaatschappij Vlaanderen"
1000411;2006-06-24;1;"Nationale Maatschappij voor Buurtspoorwegen"
1000412;2006-06-24;1;"Maatschappij voor het intercommunaal vervoer te Antwerpen"
1000413;2006-06-24;1;"Maatschappij voor het intercommunaal vervoer te Gent"
1000414;2006-06-24;1;"De Lijn"
1000415;2006-06-24;1;"Vlaamse Vervoermaatschappij"
1000416;2006-06-24;1;installatiepremie
1000417;2006-06-24;1;bodemsanering
1000418;2006-06-24;1;planschade
1000419;2006-06-24;1;"Vlaams Europees Conferentiecentrum"
1000420;2006-06-24;1;"Limburgse Reconversiemaatschappij"
1000421;2006-06-24;1;"Permanente Werkgroep Limburg"
1000422;2006-06-24;1;Limburgfonds
1000423;2006-06-24;1;"Limburgse Investeringsmaatschappij"
1000424;2006-06-24;1;Mijnen
1000425;2006-06-24;1;"NV Mijnen"
1000426;2006-06-24;1;beroepscommissie
1000427;2006-06-24;1;"academische opleiding"
1000428;2006-06-24;1;"Vlaams ondersteuningscentrum voor de basiseducatie"
1000429;2006-06-24;1;"centrum voor basiseducatie"
1000430;2006-06-24;1;basiseducatie
1000431;2006-06-24;1;leereilandproject
1000432;2006-06-24;1;invoegbedrijf
1000433;2006-06-24;1;huurdersbond
1000434;2006-06-24;1;"thermische isolatie"
1000435;2006-06-24;1;isolatie
1000436;2006-06-24;1;milieudatabank
1000437;2006-06-24;1;"openbaar vervoer"
1000438;2006-06-24;1;"raad van beroep"
1000439;2006-06-24;1;"Vlaams Instituut voor gezondheidspromotie"
1000440;2006-06-24;1;gezondheidspromotie
1000441;2006-06-24;1;riviervisserij
1000442;2006-06-24;1;"inspectie van financiën"
1000443;2006-06-24;1;"administratieve en begrotingscontrole"
1000444;2006-06-24;1;"Universitair Centrum Antwerpen"
1000445;2006-06-24;1;"Universiteit Antwerpen"
1000446;2006-06-24;1;"budgettair implementatieplan"
1000447;2006-06-24;1;begrotingscontrole
1000448;2006-06-24;1;thuisverpleging
1000449;2006-06-24;1;thuisverzorging
1000450;2006-06-24;1;"Universiteit Gent"
1000451;2006-06-24;1;studiepunt
1000452;2006-06-24;1;leerplan
1000453;2006-06-24;1;"regionale televisie"
1000454;2006-06-24;1;"medisch-pedagogisch instituut"
1000455;2006-06-24;1;leerlingenopvang
1000456;2006-06-24;1;"studiecentrum voor kernenergie"
1000457;2006-06-24;1;"Vlaamse Instelling voor Technologisch Onderzoek"
1000458;2006-06-24;1;VITO
1000459;2006-06-24;1;kabinet
1000460;2006-06-24;1;"Vlaamse regering"
1000461;2006-06-24;1;Martelaarsplein
1000462;2006-06-24;1;Ijzermonument
1000463;2006-06-24;1;"bureau voor bijzondere jeugdbijstand"
1000464;2006-06-24;1;"bemiddelingscommissie voor bijzondere jeugdbijstand"
1000465;2006-06-24;1;schoolgebouw
1000466;2006-06-24;1;gezondheidszorg
1000467;2006-06-24;1;jeugdgezondheidszorg
1000468;2006-06-24;1;"Vlaams centrum bevordering welzijn kinderen en gezinnen"
1000469;2006-06-24;1;gezin
1000470;2006-06-24;1;kind
1000471;2006-06-24;1;tuinbouw
1000472;2006-06-24;1;"biologische landbouw"
1000473;2006-06-24;1;fruitteelt
1000474;2006-06-24;1;landbouw
1000475;2006-06-24;1;navorming
1000476;2006-06-24;1;onderwijsinspectie
1000477;2006-06-24;1;"Vlaamse Interuniversitaire Raad"
1000478;2006-06-24;1;gastprogrammaraad
1000479;2006-06-24;1;"gemachtigde ambtenaar"
1000480;2012-03-15;1;"Maatschappij Grond- en Industrialisatiebeleid Linkerschelde-oever"
1000481;2006-06-24;1;IMALSO
1000482;2006-06-24;1;"Hoge Raad voor de thuisverzorging"
1000483;2006-06-24;1;jachtexamen
1000484;2006-06-24;1;"lijn- en puntvormige elementen"
1000485;2006-06-24;1;flora
1000486;2006-06-24;1;vegetatie
1000487;2006-06-24;1;vakken
1000488;2006-06-24;1;leervak
1000489;2006-06-24;1;"onderhoud van de wegen"
1000490;2006-06-24;1;wegbeheer
1000491;2006-06-24;1;verkeersveiligheid
1000492;2006-06-24;1;"sociale dienst"
1000493;2006-06-24;1;"industrieel onderzoek"
1000494;2006-06-24;1;leerplicht
1000495;2006-06-24;1;"technisch onderwijs"
1000496;2006-06-24;1;radio
1000497;2006-06-24;1;televisie
1000498;2006-06-24;1;media
1000499;2006-06-24;1;reclame
1000500;2006-06-24;1;handelspubliciteit
1000501;2006-06-24;1;landschap
1000503;2006-06-24;1;vlag
1000504;2006-06-24;1;scheepvaart
1000505;2006-06-24;1;"Kanaal Brussel-Rupel"
1000506;2006-06-24;1;Aids
1000507;2006-06-24;1;cultuurbeleid
1000508;2006-06-24;1;jaarrekening
1000509;2006-06-24;1;infrastructuurwerken
1000510;2006-06-24;1;telecommunicatie
1000511;2006-06-24;1;"bouwtechnische kwaliteitszorg"
1000512;2006-06-24;1;tussenoverlegcomité
1000513;2006-06-24;1;basisoverlegcomité
1000514;2006-06-24;1;hotel
1000515;2006-06-24;1;opcentiemen
1000516;2006-06-24;1;kansarmoede
1000517;2006-06-24;1;"sociale vernieuwing"
1000518;2006-06-24;1;jeugdrechtbank
1000519;2006-06-24;1;"paramedisch hoger onderwijs"
1000520;2006-06-24;1;"Vlaamse Stichting voor Verkeerskunde"
1000521;2006-06-24;1;"Vlaams Commissariaat-generaal voor Toerisme"
1000522;2006-06-24;1;schooltoezicht
1000523;2006-06-24;1;"beschutte werkplaats"
1000524;2006-06-24;1;jeugdwerk
1000525;2006-06-24;1;"hoge adviescommissie inzake maatschappelijk opbouwwerk"
1000526;2006-06-24;1;"maatschappelijk opbouwwerk"
1000527;2006-06-24;1;zeevisserijonderwijs
1000528;2006-06-24;1;"Domus Flandria"
1000529;2006-06-24;1;kinderrechten
1000530;2006-06-24;1;fiscaliteit
1000531;2006-06-24;1;belasting
1000532;2006-06-24;1;schuldvordering
1000533;2006-06-24;1;exploitatievergunning
1000534;2006-06-24;1;brandveiligheid
1000535;2006-06-24;1;"paritair comité onderwijs"
1000536;2006-06-24;1;"Vlaamse Hoge Bosraad"
1000537;2006-06-24;1;motorvoertuig
1000538;2006-06-24;1;"Instituut voor Hygiëne en Epidemiologie"
1000539;2006-06-24;1;leidingwater
1000540;2006-06-24;1;voordrachtgever
1000541;2006-06-24;1;werkingstoelage
1000542;2006-06-24;1;"bedrijfsinterne milieuzorg"
1000543;2006-06-24;1;milieu-audit
1000544;2006-06-24;1;onderhandelingscomité
1000545;2006-06-24;1;Vlopera
1000546;2006-06-24;1;"milieubeleidsplan en natuurontwikkelingsplan voor Vlaanderen"
1000547;2006-06-24;1;mina-plan
1000548;2006-06-24;1;"Vlaams impulsprogramma natuurontwikkeling"
1000549;2006-06-24;1;wetenschapsbeleid
1000550;2006-06-24;1;"politiek verlof"
1000551;2006-06-24;1;"Vlaams Volksvertegenwoordiger"
1000552;2006-06-24;1;"Vlaamse Raad"
1000553;2006-06-24;1;"Vlaams Parlement"
1000554;2006-06-24;1;alcoholpreventie
1000555;2006-06-24;1;drugpreventie
1000556;2006-06-24;1;filmkeuring
1000557;2006-06-24;1;Eureka
1000558;2006-06-24;1;landinrichting
1000559;2006-06-24;1;gemeentebelasting
1000560;2006-06-24;1;schoolonderhoud
1000561;2006-06-24;1;"Europese school"
1000562;2006-06-24;1;onderwijs
1000563;2006-06-24;1;"Internationaal jeugdcentrum"
1000564;2006-06-24;1;SERV
1000565;2006-06-24;1;"Sociaal-Economische Raad van Vlaanderen"
1000566;2006-06-24;1;volkslied
1000567;2006-06-24;1;"feestdag van de Vlaamse Gemeenschap"
1000568;2006-06-24;1;MIVB
1000569;2006-06-24;1;"Maatschappij voor het intercommunaal vervoer te Brussel"
1000570;2006-06-24;1;"Société transports intercommunaux de l'agglomération Verviétois"
1000571;2006-06-24;1;"Société des transports intercommunaux de Charleroi"
1000572;2006-06-24;1;"Société des transports intercommunaux de la région liégeoise"
1000573;2006-06-24;1;sloopuitkering
1000574;2006-06-24;1;binnenvaart
1000575;2006-06-24;1;sekwestratie
1000576;2006-06-24;1;geesteszieke
1000577;2006-06-24;1;"Vlaams impulsprogramma milieutechnologie"
1000578;2006-06-24;1;Noordzee
1000579;2006-06-24;1;baggerspecie
1000580;2006-06-24;1;"Vlaamse Hoge Raad voor de Huisvesting"
1000581;2006-06-24;1;uitstapregeling
1000582;2006-06-24;1;"Prijs van de Vlaamse Gemeenschap"
1000583;2006-06-24;1;"Hoge Raad voor het maritiem hoger onderwijs"
1000584;2006-06-24;1;thuisbegeleidingsdienst
1000585;2006-06-24;1;schroot
1000586;2006-06-24;1;autowrak
1000587;2006-06-24;1;luchthaven
1000588;2006-06-24;1;"Regie der Luchtwegen"
1000589;2006-06-24;1;loopbaanonderbreking
1000590;2006-06-24;1;"Vlaams financieringsfonds tot herstel van de gemeentefinanciën"
1000591;2006-06-24;1;"Vlaamse Havencommissie"
1000592;2006-06-24;1;"centrum voortdurende vorming middenstand"
1000593;2006-06-24;1;"centrum voor vorming van zelfstandigen en KMO's"
1000594;2006-06-24;1;uitleenreglement
1000595;2006-06-24;1;"Raad voor handelspubliciteit op radio en televisie"
1000596;2006-06-24;1;profylaxe
1000597;2006-06-24;1;loodswezen
1000598;2006-06-24;1;Scheldereglement
1000599;2006-06-24;1;"Overlegcomité Vlaams overheidsinitiatief"
1000600;2006-06-24;1;"derde arbeidscircuit"
1000601;2006-06-24;1;asbest
1000602;2006-06-24;1;"Interministeriële conferentie voor wetenschapsbeleid"
1000603;2006-06-24;1;"Europese Gemeenschap"
1000604;2006-06-24;1;"Rijksfonds voor sociale reclassering van mindervaliden"
1000605;2006-06-24;1;zeewetenschappen
1000606;2006-06-24;1;"buitenlandse investering"
1000607;2006-06-24;1;"centrum voor menselijke erfelijkheid"
1000608;2006-06-24;1;"centrum voor integrale gezinszorg"
1000609;2006-06-24;1;"centrum voor kinderzorg en gezinsondersteuning"
1000610;2006-06-24;1;"palliatief netwerk"
1000611;2006-06-24;1;strandconcessie
1000612;2006-06-24;1;bootman
1000613;2006-06-24;1;havenloods
1000614;2006-06-24;1;bedrijfsruimte
1000615;2006-06-24;1;verkrotting
1000616;2006-06-24;1;leegstand
1000617;2006-06-24;1;"Vlaamse Hoge Raad voor de Sport"
1000618;2006-06-24;1;successierechten
1000619;2006-06-24;1;"lokale schoolraad"
1000620;2006-06-24;1;milieubeheer
1000621;2006-06-24;1;schoonmaak
1000622;2006-06-24;1;milieurapport
1000623;2006-06-24;1;hogeschoolopleiding
1000624;2006-06-24;1;"coördinatiecomité internationaal milieubeleid"
1000625;2006-06-24;1;"Interministeriële conferentie leefmilieu"
1000626;2006-06-24;1;"Begeleidingsfonds Vlaamse Scheepsbouwmaatschappij"
1000627;2006-06-24;1;"centrum voor bevolkings- en gezinsstudiën"
1000628;2006-06-24;1;burgerwacht
1000629;2006-06-24;1;bewonersdienst
1000630;2006-06-24;1;bioscoop
1000631;2006-06-24;1;pers
1000632;2006-06-24;1;dagblad
1000633;2006-06-24;1;"Boelwerf Vlaanderen"
1000634;2006-06-24;1;"Fonds voor de programmatie van het wetenschapsbeleid"
1000635;2006-06-24;1;"Vlaams interuniversitair instituut voor biotechnologie"
1000636;2006-06-24;1;sloopafval
1000637;2006-06-24;1;bouwafval
1000638;2006-06-24;1;luchtfotografie
1000639;2006-06-24;1;"Telenet Vlaanderen"
1000640;2006-06-24;1;kabeldistributie
1000641;2006-06-24;1;verbintenismachtiging
1000642;2006-06-24;1;leningsmachtiging
1000643;2006-06-24;1;"Vlaams Woningfonds"
1000644;2006-06-24;1;keurmerk
1000645;2006-06-24;1;samenlevingsopbouw
1000646;2006-06-24;1;"Hoge Raad voor de Samenlevingsopbouw"
1000647;2006-06-24;1;boekhouding
1000648;2006-06-24;1;groeve
1000649;2006-06-24;1;"Grindheffingen Limburgs Maasland"
1000650;2006-06-24;1;stadsontwikkelingsproject
1000651;2006-06-24;1;"adviescommissie voor ontwikkelingscontracten"
1000652;2006-06-24;1;vluchteling
1000653;2006-06-24;1;arbeidsduurvermindering
1000654;2006-06-24;1;"Koninklijke Commissie voor Monumenten en Landschappen"
1000655;2006-06-24;1;stedenbouw
1000656;2006-06-24;1;"ruimtelijke ordening"
1000657;2006-06-24;1;waterkering
1000658;2006-06-24;1;lerarenopleiding
1000659;2006-06-24;1;nascholing
1000660;2006-06-24;1;"Nederlandse Taalunie"
1000661;2006-06-24;1;spelling
1000662;2006-06-24;1;milieuagentschap
1000663;2006-06-24;1;"Europees Milieuagentschap"
1000664;2006-06-24;1;"Sociaal Impulsfonds"
1000665;2006-06-24;1;"Vlaams Woningfonds Grote Gezinnen"
1000666;2006-06-24;1;oudervereniging
1000667;2006-06-24;1;bevoegdheidsverdeling
1000668;2006-06-24;1;"stedenbouwkundig attest"
1000669;2006-06-24;1;verkavelingsvergunning
1000670;2006-06-24;1;"Koninklijke Academie voor Nederlandse Taal- en Letterkunde"
1000671;2006-06-24;1;"Hogere Radio- en Navigatieschool"
1000672;2006-06-24;1;Epon
1000673;2006-06-24;1;"Vlaams Leonardo da Vinci agentschap"
1000674;2006-06-24;1;riool
1000675;2006-06-24;1;"niet-professionele sportbeoefenaar"
1000676;2006-06-24;1;brugproject
1000677;2006-06-24;1;schuldbemiddeling
1000678;2006-06-24;1;"woonvernieuwings- en woonuitbreidingsgebied"
1000679;2006-06-24;1;"grond- en pandenbeleid"
1000680;2006-06-24;1;topografie
1000681;2006-06-24;1;"Nationaal Geografisch Instituut"
1000682;2006-06-24;1;cartografie
1000683;2006-06-24;1;"coördinatiecommissie voor waterhuishouding"
1000684;2006-06-24;1;"Vlaamse Hoge Raad voor Natuurbehoud"
1000685;2006-06-24;1;"Fonds voor economische impulsprogramma's"
1000686;2006-06-24;1;leegstandsfonds
1000687;2006-06-24;1;"Fonds Vlaanderen-Azië"
1000688;2006-06-24;1;"administratieve boete"
1000689;2006-06-24;1;landbouwvorming
1000690;2006-06-24;1;"ruimtelijk structuurplan"
1000691;2006-06-24;1;elektriciteit
1000692;2006-06-24;1;gasleiding
1000693;2006-06-24;1;waterdistributie
1000694;2006-06-24;1;aardgas
1000695;2006-06-24;1;nutsvoorzieningen
1000696;2006-06-24;1;"Vlaams observatorium voor werkgelegenheid"
1000697;2006-06-24;1;"Vlaamse adviesraad voor erkenning van verzorgingsvoorzieningen"
1000698;2006-06-24;1;"Vlaamse Gezondheidsraad"
1000699;2006-06-24;1;dienstkleding
1000700;2006-06-24;1;"speciaal onderstandsfonds"
1000701;2006-06-24;1;huurovereenkomst
1000702;2006-06-24;1;"niet-openbare televisievereniging"
1000703;2006-06-24;1;Litouwen
1000704;2006-06-24;1;Letland
1000705;2006-06-24;1;Estland
1000706;2006-06-24;1;"interregionale verpakkingscommissie"
1000707;2006-06-24;1;studentenkamer
1000708;2006-06-24;1;provinciebelasting
1000709;2006-06-24;1;uitrustingssubsidie
1000710;2006-06-24;1;investeringssubsidie
1000711;2006-06-24;1;"gemeentelijk structuurplan"
1000712;2006-06-24;1;verzorgingsinstelling
1000713;2006-06-24;1;"centrum voor revalidatie"
1000714;2006-06-24;1;bouwverordening
1000715;2006-06-24;1;voetpad
1000716;2006-06-24;1;"beschut wonen"
1000717;2006-06-24;1;welzijnsvoorziening
1000718;2006-06-24;1;"financieringsinstrument voor Vl. visserij- en aquicultuursector"
1000719;2006-06-24;1;Wereldvrouwenconferentie
1000720;2006-06-24;1;internet
1000721;2006-06-24;1;"informatie- en communicatietechnologie"
1000722;2006-06-24;1;"Interministeriële conferentie voor het migrantenbeleid"
1000723;2006-06-24;1;"regionale preventiecel"
1000724;2006-06-24;1;"metabolische afwijking"
1000725;2006-06-24;1;"onderwijs aan huis"
1000726;2006-06-24;1;thuisonderwijs
1000727;2006-06-24;1;"Fonds voor de huisvesting"
1000728;2006-06-24;1;"Vlaamse Woonraad"
1000729;2006-06-24;1;voorkooprecht
1000730;2006-06-24;1;"Vlaamse wooncode"
1000731;2006-06-24;1;bouwmisdrijf
1000732;2006-06-24;1;gelijkekansenbeleid
1000733;2006-06-24;1;"Vlaamse adviescommissie voor volksraadplegingen"
1000734;2006-06-24;1;volksraadpleging
1000735;2006-06-24;1;"buitenschoolse opvang"
1000736;2006-06-24;1;"Gezins- en welzijnsraad"
1000737;2006-06-24;1;"commissie van advies voor het buitengewoon onderwijs"
1000738;2006-06-24;1;"concertatiecommissie sociale huisvesting"
1000739;2006-06-24;1;innovatieproject
1000740;2006-06-24;1;"statuut wetenschappelijke instellingen"
1000741;2006-06-24;1;Liefkenshoektunnel
1000742;2006-06-24;1;"kijk- en luistergeld"
1000743;2006-06-24;1;"medische urgentiekaart"
1000744;2006-06-24;1;inschrijvingsplicht
1000745;2006-06-24;1;bermbeheer
1000746;2006-06-24;1;bejaardenhulp
1000747;2006-06-24;1;gezinshulp
1000748;2006-06-24;1;"Waterzuiveringsmaatschappij van het Kustbekken"
1000749;2006-06-24;1;kunstwerk
1000750;2006-06-24;1;Euro
1000751;2006-06-24;1;wielrennen
1000752;2006-06-24;1;bodybuilding
1000753;2006-06-24;1;noodplan
1000754;2006-06-24;1;rampenplan
1000755;2006-06-24;1;"woon- werkverkeer"
1000756;2006-06-24;1;wervingsexamen
1000757;2006-06-24;1;vakbondsoverleg
1000758;2006-06-24;1;bedrijfsadviseur
1000759;2006-06-24;1;"Vlaamse Commissie voor preventief bedrijfsbeleid"
1000760;2006-06-24;1;bedrijfsbeleid
1000761;2006-06-24;1;"Vlaams omroeporkest en kamerkoor"
1000762;2006-06-24;1;welzijnswerk
1000763;2006-06-24;1;"algemeen welzijnswerk"
1000764;2006-06-24;1;"Vlaams Egalisatie Rente Fonds"
1000765;2006-06-24;1;"dienst voor taaladvies"
1000766;2006-06-24;1;welzijnsoverleg
1000767;2006-06-24;1;werkervaringsproject
1000768;2006-06-24;1;politie
1000769;2006-06-24;1;"duurzame ontwikkeling"
1000770;2006-06-24;1;"adviserende beroepscommissie culturele aangelegenheden"
1000771;2006-06-24;1;"raad voor volksontwikkeling en cultuurspreiding"
1000772;2006-06-24;1;"raad voor de kunsten"
1000773;2006-06-24;1;"raad voor cultuur"
1000774;2006-06-24;1;Technopolis
1000775;2006-06-24;1;"NV Technopolis"
1000776;2006-06-24;1;"Mijnschade en Bemaling Limburgs Mijngebied"
1000777;2006-06-24;1;"NV Mijnschade en Bemaling Limburgs Mijngebied"
1000778;2006-06-24;1;"onroerende voorheffing"
1000779;2006-06-24;1;ziekteverzekering
1000780;2006-06-24;1;"centrum voor opsporing aangeboren metabolische afwijkingen"
1000781;2006-06-24;1;regeringsmededeling
1000782;2006-06-24;1;"etnisch-culturele minderheden"
1000783;2006-06-24;1;"muziekcentrum van de Vlaamse Gemeenschap"
1000784;2006-06-24;1;repressie
1000785;2006-06-24;1;epuratie
1000786;2006-06-24;1;"Vlaams commissariaat voor de media"
1000787;2006-06-24;1;"adviserende beroepscommissie sportaangelegenheden"
1000788;2006-06-24;1;"Vlaamse Sportraad"
1000789;2006-06-24;1;ombudsman
1000790;2006-06-24;1;senator
1000791;2006-06-24;1;"Autonome Vlaamse fiscale inning"
1000792;2006-06-24;1;"Vlaamse Hogeschoolraad"
1000793;2006-06-24;1;"sociale werkplaats"
1000794;2006-06-24;1;"Vlaams cultureel centrum Voeren"
1000795;2006-06-24;1;gemeenschapsonderwijs
1000796;2006-06-24;1;"centrum voor ontwikkelingsstoornissen"
1000797;2006-06-24;1;"Vlaams Noodfonds"
1000798;2006-06-24;1;natuurramp
1000799;2006-06-24;1;"Vlaams centrum voor volkscultuur"
1000800;2006-06-24;1;volkscultuur
1000801;2006-06-24;1;"Fonds culturele infrastructuur"
1000802;2006-06-24;1;Linkerscheldeoever
1000803;2006-06-24;1;CICOV
1000804;2006-06-24;1;"centrum voor informatie, communicatie en vorming welzijnssector"
1000805;2006-06-24;1;"sociaal verhuurkantoor"
1000806;2006-06-24;1;basismobiliteit
1000807;2006-06-24;1;vervoer
1000808;2006-06-24;1;mobiliteit
1000809;2006-06-24;1;museum
1000810;2006-06-24;1;"Plantin Moretusmuseum"
1000811;2006-06-24;1;"Topsporthal Gent"
1000812;2006-06-24;1;millenniumbug
1000813;2006-06-24;1;"regionaal landschap"
1000814;2006-06-24;1;"beroepsprofiel leraar"
1000815;2006-06-24;1;"basiscompetenties leraar"
1000816;2006-06-24;1;"anderstalige nieuwkomers"
1000817;2006-06-24;1;"werving overheidspersoneel"
1000818;2006-06-24;1;"Reproductiefonds Vlaamse musea"
1000819;2006-06-24;1;"NV Reproductiefonds Vlaamse musea"
1000820;2006-06-24;1;"Hoge Raad voor binnenlands bestuur"
1000821;2006-06-24;1;"adviescommissie boekhouding Vlaamse openbare instellingen"
1000822;2006-06-24;1;"centrum voor kortverblijf"
1000823;2006-06-24;1;"Vlaams Zorgfonds"
1000824;2006-06-24;1;zorgverzekering
1000825;2006-06-24;1;"Vlaamse mediaraad"
1000826;2006-06-24;1;"lokaal dienstencentrum"
1000827;2006-06-24;1;"dienst voor oppashulp"
1000828;2006-06-24;1;Grondfonds
1000829;2006-06-24;1;"Vlaamse Commissie voor ruimtelijke ordening"
1000830;2006-06-24;1;"adviescommissie inzake arbeidsbemiddeling"
1000831;2006-06-24;1;puntengewicht
1000832;2006-06-24;1;"VRT-filharmonisch orkest"
1000833;2006-06-24;1;VRT-koor
1000834;2006-06-24;1;vakantiepark
1000835;2006-06-24;1;"commissie tot erkenning van de artistieke bekendheid"
1000836;2006-06-24;1;"binnengemeentelijk territoriaal orgaan"
1000837;2006-06-24;1;districtsbestuur
1000838;2006-06-24;1;"Vlaamse Land- en Tuinbouwraad"
1000839;2006-06-24;1;armoedebeleid
1000840;2006-06-24;1;slachtofferzorg
1000841;2006-06-24;1;"technologisch onderzoek"
1000842;2006-06-24;1;"Educatief Bosbouwcentrum Groenendaal"
1000843;2006-06-24;1;"geestelijke gezondheidszorg"
1000844;2006-06-24;1;verpakkingsafval
1000845;2006-06-24;1;"centrum voor geestelijke gezondheidszorg"
1000846;2006-06-24;1;natuurbeheer
1000847;2006-06-24;1;"Forum Natuur en Landbouw"
1000848;2006-06-24;1;"Vlaams Fonds voor de Letteren"
1000849;2006-06-24;1;volwassenenonderwijs
1000850;2006-06-24;1;"Interuniversitair Instituut voor Ontwikkelingsbeleid en -beheer"
1000851;2006-06-24;1;"bouwtechnische norm"
1000852;2006-06-24;1;"seksueel misbruik"
1000853;2006-06-24;1;studentenkoepelvereniging
1000854;2006-06-24;1;leerlingenkoepelvereniging
1000855;2006-06-24;1;"Vlaams Audiovisueel Fonds"
1000856;2006-06-24;1;Herplaatsingsfonds
1000857;2006-06-24;1;"Vlaams Instituut voor de Zee"
1000858;2006-06-24;1;wereldtentoonstelling
1000859;2006-06-24;1;"Brusselse instellingen"
1000860;2006-06-24;1;gemeenschapsbelasting
1000861;2006-06-24;1;"gewestelijke belasting"
1000862;2006-06-24;1;"Brusselse Hoofdstedelijke Raad"
1000863;2006-06-24;1;kieswetgeving
1000864;2006-06-24;1;Arbitragehof
1000865;2006-06-24;1;grondwet
1000866;2006-06-24;1;loodsgeld
1000867;2006-06-24;1;begroting
1000868;2006-06-24;1;grondwaterwinning
1000869;2006-06-24;1;klachtenbehandeling
1000870;2006-06-24;1;catering
1000871;2006-06-24;1;structuuronderdeel
1000872;2006-06-24;1;opleidingscentrum
1000873;2006-06-24;1;gezinszorg
1000874;2006-06-24;1;"economische begroting"
1000875;2006-06-24;1;uitrustingsgoederen
1000876;2006-06-24;1;export
1000877;2006-06-24;1;stakingsbevel
1000878;2006-06-24;1;PCB
1000879;2006-06-24;1;dioxinecrisis
1000880;2006-06-24;1;"Vlaamse overheid"
1000881;2006-06-24;1;vervangingspool
1000882;2006-06-24;1;"Vlaams Instituut voor Wetenschap./Technologisch Aspectenonderzoe"
1000883;2006-06-24;1;windturbine
1000884;2006-06-24;1;"Vlaamse Reguleringsinstantie voor de Elektriciteits- en Gasmarkt"
1000885;2006-06-24;1;"zonevreemd gebouw"
1000886;2006-06-24;1;"Fonds voor Wetenschappelijk Onderzoek-Vlaanderen"
1000887;2006-06-24;1;drinkwater
1000888;2006-06-24;1;VESOC
1000889;2006-06-24;1;"Vlaams Economisch Sociaal Overlegcomité"
1000890;2006-06-24;1;VOMEC
1000891;2006-06-24;1;"Vlaams overlegplatform voor de meerwaardeneconomie"
1000892;2006-06-24;1;"Vlaams participatiefonds voor de sociale economie"
1000893;2006-06-24;1;meerwaardeneconomie
1000894;2006-06-24;1;"gewestelijke ontvanger"
1000895;2006-06-24;1;"Vlaams Kenniscentrum publiek-private samenwerking"
1000896;2006-06-24;1;"Financieringsfonds Schuldafbouw en Eenmalige Investeringsuitgave"
1000897;2006-06-24;1;"mammografische borstkankerscreening"
1000898;2006-06-24;1;"Vlaamse Bouwmeester"
1000899;2006-06-24;1;motiveringsplicht
1000900;2006-06-24;1;"interne audit"
1000901;2006-06-24;1;"subregionaal overlegorgaan"
1000902;2006-06-24;1;toerisme
1000903;2006-06-24;1;Kustactieplan
1000904;2006-06-24;1;borstkanker
1000905;2006-06-24;1;toelatingsexamen
1000906;2006-06-24;1;reguleringsinstantie
1000907;2006-06-24;1;"Textiel Vlaanderen"
1000908;2006-06-24;1;"Staal Vlaanderen"
1000909;2006-06-24;1;"industrieel ongeval"
1000910;2006-06-24;1;"gevaarlijke stoffen"
1000911;2006-06-24;1;klachtrecht
1000912;2006-06-24;1;"ruimtelijk uitvoeringsplan"
1000913;2006-06-24;1;vergunningenregister
1000914;2006-06-24;1;plannenregister
1000915;2006-06-24;1;"stads- en streekvervoer"
1000916;2006-06-24;1;taxidienst
1000917;2006-06-24;1;hoofdstad
1000918;2006-06-24;1;circus
1000919;2006-06-24;1;"Vlaams Ministercomité voor Buitenlands Beleid"
1000920;2006-06-24;1;woonwagenterrein
1000921;2006-06-24;1;"Vlaamse sportfederatie"
1000922;2006-06-24;1;"Vlaams Centrum voor de Openbare Bibliotheken"
1000923;2006-06-24;1;"Strategisch Digitaal Forum"
1000924;2006-06-24;1;"intergemeentelijke samenwerking"
1000925;2006-06-24;1;"Regionaal Technologisch Centrum"
1000926;2006-06-24;1;"Vlaams-Brussel fonds"
1000927;2006-06-24;1;"Fonds voor Flankerend Economisch Beleid"
1000928;2006-06-24;1;Hermesfonds
1000929;2006-06-24;1;erosie
1000930;2006-06-24;1;ziekenfonds
1000931;2006-06-24;1;"syndicale raad van advies"
1000932;2006-06-24;1;arbeidsongeval
1000933;2006-06-24;1;waterzuiveringsmaatschappij
1000934;2006-06-24;1;tuberculosebestrijding
1000935;2006-06-24;1;"agrarisch gebied"
1000936;2006-06-24;1;waarborgbeheer
1000937;2006-06-24;1;schuldbeheer
1000938;2006-06-24;1;kasbeheer
1000939;2007-02-12;1;energieboekhouding
1000940;2006-06-24;1;tijdskrediet
1000941;2006-06-24;1;invoegwerknemer
1000942;2006-06-24;1;Stedenfonds
1000943;2006-06-24;1;"Vlaams Stedenfonds"
1000944;2006-06-24;1;polder
1000945;2006-06-24;1;watering
1000946;2006-06-24;1;stadsvernieuwingsproject
1000947;2006-06-24;1;"varend erfgoed"
1000948;2006-06-24;1;opleidingscheque
1000949;2006-06-24;1;Jeugdraad
1000950;2006-06-24;1;jeugdbeleid
1000951;2006-06-24;1;"interlandelijke adoptie"
1000952;2006-06-24;1;adoptie
1000953;2006-06-24;1;"vertrouwenscentrum kindermishandeling"
1000954;2006-06-24;1;Werkholding
1000955;2006-06-24;1;T-Groep
1000956;2006-06-24;1;"Vlaamse monumentenprijs"
1000957;2006-06-24;1;discriminatie
1000958;2006-06-24;1;arbeidsmarkt
1000959;2006-06-24;1;"sociale profitsecor"
1000960;2006-06-24;1;"Fonds bouw ziekenhuizen en medisch-sociale inrichtingen"
1000961;2006-06-24;1;"Commiss.-generaal Intern. Cult. Samenwerking Nederl. Cultuurgem."
1000962;2006-06-24;1;"Vlaamse Hoge Jachtraad"
1000963;2006-06-24;1;jeugdsport
1000964;2006-06-24;1;sportkamp
1000965;2006-06-24;1;MORA
1000966;2006-06-24;1;"Mobiliteitsraad van Vlaanderen"
1000967;2006-06-24;1;gelijkekansenindicatoren
1000968;2006-06-24;1;"commissie inzake leerlingenrechten"
1000969;2006-06-24;1;"lokaal overlegplatform"
1000970;2006-06-24;1;"expertencommissie voor overheidscommunicatie"
1000971;2006-09-11;1;overheidscommunicatie
1000972;2006-06-24;1;"controlecommissie voor regeringsmededelingen"
1000973;2006-06-24;1;"archief- en documentatiecentrum"
1000974;2006-06-24;1;archief
1000975;2006-06-24;1;politiezone
1000976;2006-06-24;1;"genetische diversiteit"
1000977;2006-06-24;1;Eurovignet
1000978;2006-06-24;1;"automatische ontspanningstoestellen"
1000979;2006-06-24;1;"Commissie Zorgvuldig bestuur"
1000980;2006-06-24;1;"toezichthoudende ambtenaren"
1000981;2006-06-24;1;"Nationale Loterij"
1000982;2006-06-24;1;woonuitbreidingsgebied
1000983;2006-06-24;1;"onbebouwde percelen"
1000984;2006-06-24;1;"Vlaamse Hoger Raad voor de Riviervisserij"
1000985;2006-06-24;1;"Raad van Europa"
1000986;2006-06-24;1;"internationale samenwerking"
1000987;2006-06-24;1;klassenraad
1000988;2006-06-24;1;ESF-agentschap
1000989;2006-06-24;1;"collectieve arbeidsovereenkomst"
1000990;2006-06-24;1;Vloot
1000991;2006-06-24;1;"Huizen van het Nederlands"
1000992;2006-06-24;1;"Agentschap voor Buitenlandse Handel"
1000993;2006-06-24;1;eretekens
1000994;2006-06-24;1;"Fonds voor Industriële Vernieuwing"
1000995;2006-06-24;1;"Fonds voor de Kwaliteit van de Landbouwproductie"
1000996;2006-06-24;1;kraamzorg
1000997;2006-06-24;1;"milieueffectrapportage (MER)"
1000998;2006-06-24;1;veiligheidsrapportage
1000999;2006-06-24;1;BAM
1001000;2006-06-24;1;"Beheersmaatschappij Antwerpen Mobiel"
1001001;2006-06-24;1;EVFH
1001002;2006-06-24;1;"Eigen Vermogen ""Flanders Hydraulics"""
1001003;2006-06-24;1;"Vlaamse overlegcentrum voor etnisch-culturele minderheden"
1001004;2006-06-24;1;"Raad voor het behoud van het roerend cultureel erfgoed"
1001005;2006-06-24;1;Topstukkenfonds
1001006;2006-06-24;1;luchthavenvergoeding
1001007;2006-06-24;1;"Vlaamse Unesco-commissie"
1001008;2006-06-24;1;natuurreservaat
1001009;2006-06-24;1;natuurrichtplan
1001010;2006-06-24;1;dienstencheque
1001011;2006-06-24;1;studiebewijs
1001012;2006-06-24;1;inburgeringsbeleid
1001013;2012-03-15;1;"Geschillencommissie Overheidsopdrachten Mobiliteit"
1001014;2006-06-24;1;GECOVER
1001015;2006-06-24;1;"Centrum voor Landbouweconomie"
1001016;2006-06-24;1;"Raad van Advies en Consultancy"
1001017;2006-06-24;1;adviescheque
1001018;2006-06-24;1;"Centrum voor Landbouwkundig Onderzoek"
1001019;2006-06-24;1;armoedebestrijding
1001020;2006-06-24;1;"Raad van Advies voor de Toneelkunst"
1001021;2006-06-24;1;hemelwaterputten
1001022;2006-06-24;1;"Universitair Ziekenhuis Antwerpen"
1001023;2006-06-24;1;zendvergunning
1001024;2006-06-24;1;Accreditatieorgaan
1001025;2006-06-24;1;"Erkenningscommissie (hoger onderwijs)"
1001026;2006-06-24;1;"strategische adviesraad"
1001027;2006-06-24;1;oppervlaktedelfstoffen
1001028;2006-06-24;1;begeleidingscheque
1001029;2006-06-24;1;Rubiconfonds
1001030;2006-06-24;1;"Fonds voor de bestrijding van het tabaks- en middelengebruik"
1001031;2006-06-24;1;auto
1001032;2006-06-24;1;"verzekering gewaarborgd wonen"
1001033;2006-06-24;1;waterbeleid
1001034;2006-06-24;1;"intern verzelfstandigd agentschap"
1001036;2006-06-24;1;bedrijventerrein
1001037;2006-06-24;1;"Fonds controle uitvoerende taken technici (brander- en stookolie"
1001038;2008-04-22;1;bodembescherming
1001039;2006-06-24;1;ICT
1001040;2006-06-24;1;gezondheidsconferentie
1001041;2006-06-24;1;bedrijfsgebouw
1001042;2006-06-24;1;wetenschapspark
1001043;2006-06-24;1;"incubatie- en innovatiecentrum"
1001044;2006-06-24;1;plattelandsontwikkeling
1001045;2006-06-24;1;begraafplaats
1001046;2006-06-24;1;crematie
1001047;2006-06-24;1;lijkbezorging
1001048;2006-06-24;1;ARK-investering
1001049;2006-06-24;1;"ARKimedes Management"
1001050;2006-06-24;1;ARKIV
1001051;2006-06-24;1;risicokapitaal
1001052;2006-06-24;1;"NV Waarborgbeheer"
1001053;2006-06-24;1;rechtsgeding
1001054;2006-06-24;1;zonnecentrum
1001055;2006-06-24;1;"Vlaams Agentschap voor Basisonderzoek"
1001056;2006-06-24;1;"politieke fractie"
1001057;2006-06-24;1;"Studiedienst Vlaamse regering"
1001058;2006-06-24;1;arrondissementscommissaris
1001059;2006-06-24;1;provinciegouverneur
1001060;2006-06-24;1;jeugdtoerisme
1001061;2006-06-24;1;"Algemene Dienst voor Jeugdtoerisme"
1001062;2006-06-24;1;jeugdverblijfcentrum
1001063;2006-06-24;1;arbeidsduur
1001064;2006-06-24;1;"Koninklijke Academie voor Geneeskunde van België"
1001065;2006-06-24;1;"Vlaams Instituut voor het Onroerend Erfgoed"
1001066;2006-06-24;1;"Instituut voor Archeologisch Patrimonium"
1001067;2006-06-24;1;"Vlaamse Maatschappij voor Sociaal Woonkrediet"
1001068;2006-06-24;1;Vlarea
1001069;2006-06-24;1;"Inspectie Welzijn en Volksgezondheid"
1001070;2006-06-24;1;volksgezondheid
1001071;2006-06-24;1;"Sociaal Huis"
1001072;2006-06-24;1;"sociaal beleid"
1001073;2006-06-24;1;starterscheque
1001074;2006-06-24;1;Auditcomité
1001075;2006-06-24;1;"Agentschap voor Landbouw en Visserij"
1001076;2006-06-24;1;"Vlaamse Federatie voor Paardenwedrennen"
1001077;2006-06-24;1;paardenwedrennen
1001078;2006-06-24;1;"Inspectie Ruimtelijke Ordening, Woonbeleid en Onroerend Erfgoed"
1001079;2006-06-24;1;"Hoge Raad voor het Herstelbeleid"
1001080;2006-06-24;1;"De Scheepvaart"
1001081;2006-06-24;1;ontwikkelingssamenwerking
1001082;2006-06-24;1;"Openbaar Psychiatrisch Zorgcentrum Rekem"
1001083;2006-06-24;1;"Openbaar Psychiatrisch Zorgcentrum Geel"
1001084;2006-06-24;1;"De Rand"
1001085;2006-06-24;1;verkiezingsuitgaven
1001086;2006-06-24;1;"Vlaams Energieagentschap"
1001087;2006-06-24;1;Jongerenwelzijn
1001088;2006-06-24;1;"Fonds Jongerenwelzijn"
1001089;2006-06-24;1;"Instituut voor Innovatie door Wetenschap en Technologie"
1001090;2006-06-24;1;"Instituut voor Landbouw- en Visserijonderzoek"
1001091;2006-06-24;1;"Vlaams Centrum voor Agro- en Visserijmarketing"
1001092;2006-06-24;1;FIT
1001093;2006-06-24;1;"Vlaams Agentschap voor Internationaal Ondernemen"
1001094;2006-06-24;1;AGIOn
1001095;2006-06-24;1;"Agentschap voor Infrastructuur in het Onderwijs"
1001096;2006-06-24;1;"Vlaams Agentschap Ondernemen"
1001097;2006-06-24;1;"Zorg en Gezondheid"
1001098;2006-06-24;1;investeringsmaatschappij
1001099;2006-06-24;1;"Agentschap voor Geografische Informatie Vlaanderen"
1001100;2006-06-24;1;leersecretaris
1001101;2006-06-24;1;"Syntra Vlaanderen"
1001102;2006-06-24;1;"Vlaams Agentschap voor Ondernemingsvorming"
1001103;2006-06-24;1;student
1001104;2006-06-24;1;"Vlaams Agentschap voor Personen met een Handicap"
1001105;2006-06-24;1;ontwikkelingseducatie
1001106;2006-06-24;1;ziekenvervoer
1001107;2006-06-24;1;woonkrediet
1001108;2006-06-24;1;kredietinstelling
1001109;2006-06-24;1;rookmelders
1001110;2006-06-24;1;Rekenhof
1001111;2006-06-24;1;"Agentschap voor Onderwijscommunicatie"
1001112;2006-06-24;1;"Rode Kruis"
1001113;2006-06-24;1;"Belgische Rode Kruis"
1001114;2006-06-24;1;"Kunsten en Erfgoed"
1001115;2006-06-24;1;"Grootschalig Referentie Bestand"
1001116;2006-06-24;1;"audiovisuele kunst"
1001117;2006-06-24;1;Kunstendecreet
1001119;2006-06-24;1;Erfgoeddecreet
1001120;2006-06-24;1;"Agentschap voor Facilitair Management"
1001121;2006-06-24;1;"Ouderenraad voor de Vlaamse Gemeenschap"
1001122;2006-06-24;1;ouderenbeleid
1001123;2006-06-24;1;"Centrale Accounting"
1001124;2006-06-24;1;"Garantiefonds voor huisvesting"
1001125;2006-06-24;1;"Vlaamse Belastingdienst"
1001126;2006-06-24;1;studiefinanciering
1001127;2006-06-24;1;studentenvoorzieningen
1001128;2006-06-24;1;binnenmilieu
1001129;2006-06-24;1;binnenklimaat
1001130;2006-06-24;1;energieprestaties
1001131;2006-06-24;1;"Subsidieagentschap voor Economie en Werkgelegenheid"
1001132;2006-06-24;1;"sociaalrechtelijk toezicht"
1001133;2006-06-24;1;"Sociaal Fonds Sociaal Cultureel Werk van de Vlaamse Gemeenschap"
1001134;2006-06-24;1;"sociaal-culturele sector"
1001135;2006-06-24;1;"eensluidend verklaard afschrift"
1001136;2006-06-24;1;schoolraad
1001137;2006-06-24;1;leerlingenraad
1001138;2006-06-24;1;"participatie op school"
1001139;2006-06-24;1;kindeffectrapport
1001140;2006-06-24;1;prestarter
1001141;2006-06-24;1;"Vlaams Instituut voor Vrede en Geweldpreventie"
1001142;2006-06-24;1;"Provinciale Ontwikkelingsmaatschappij"
1001143;2006-06-24;1;POM
1001144;2006-06-24;1;"Regionaal Sociaal-Economisch Overlegcomité"
1001145;2006-06-24;1;"Regionaal Samenwerkingsverband"
1001146;2006-06-24;1;"Sociaal-Economische Raad van de Regio"
1001147;2006-06-24;1;"toezichtsbesluit associatie"
1001148;2006-06-24;1;erfgoedconvenant
1001149;2006-06-24;1;kerkfabriek
1001150;2006-06-24;1;erediensten
1001151;2006-06-24;1;veteranenziekte
1001152;2006-06-24;1;legionellabesluit
1001153;2006-06-24;1;"commissie voor landinrichting"
1001154;2006-06-24;1;"Vlaamse Centrum voor Onderwijsgebonden Sport"
1001155;2006-06-24;1;"Hoge Raad voor het Hoger Onderwijs in Limburg"
1001156;2006-06-24;1;"Limburgs Universitair Centrum"
1001157;2006-06-24;1;"Vlaams Platform van verenigingen van personen met een handicap"
1001158;2006-06-24;1;"regionaal overlegnetwerk gehandicaptenzorg"
1001159;2006-06-24;1;"Agentschap voor Overheidspersoneel"
1001160;2006-06-24;1;afstandsonderwijs
1001161;2006-06-24;1;subsidie
1001162;2006-06-24;1;zorgbemiddeling
1001163;2006-06-24;1;"Vlaamse Gezondheidsinspectie"
1001164;2006-06-24;1;Socrates
1001165;2006-06-24;1;"planologisch attest"
1001166;2006-06-24;1;onderwijstaal
1001167;2006-06-24;1;"Accreditatieorganisatie (hoger onderwijs)"
1001168;2006-06-24;1;beroepsbekwaamheid
1001169;2006-06-24;1;"centrum voor loopbaandienstverlening"
1001170;2006-06-24;1;personeelsformatie
1001172;2006-06-24;1;streekplatform
1001173;2006-06-24;1;"Fonds voor het Landbouwinformatienetwerk"
1001174;2006-06-24;1;zorgvernieuwingsproject
1001175;2006-06-24;1;"Nautinvest Vlaanderen"
1001176;2006-06-24;1;emissierechten
1001177;2006-06-24;1;broeikasgassen
1001178;2006-06-24;1;zaaizaad
1001179;2006-06-24;1;"Waarborgbeheer NV"
1001180;2006-06-24;1;waarborgbesluit
1001181;2006-06-24;1;kringloopcentrum
1001182;2006-06-24;1;"achterstallige schulden"
1001183;2006-06-24;1;"statuut openbare instelling"
1001185;2006-06-24;1;energiedeskundige
1001186;2006-06-24;1;weerwerkpremie
1001187;2006-06-24;1;beroepsinlevingsovereenkomst
1001188;2006-06-24;1;"Koninklijke Beiaardschool"
1001189;2006-06-24;1;containerpark
1001190;2006-06-24;1;"Fonds ter valorisatie van de GIMV-participatie"
1001191;2006-06-24;1;schoolboekhouding
1001192;2006-06-24;1;"Vlaamse centrale autoriteit"
1001193;2006-06-24;1;"Vlaamse administratie"
1001194;2006-06-24;1;"Vlaamse Ouderenraad"
1001195;2006-06-24;1;tabaksgebruik
1001196;2006-06-24;1;"Agentschap Economie"
1001197;2006-06-24;1;Electrabelaandelen
1001199;2006-06-24;1;"Agentschap voor Maritieme Dienstverlening en Kust"
1001200;2006-06-24;1;"Vlaams Agentschap voor Internationale Samenwerking"
1001201;2006-06-24;1;"Agentschap Infrastructuur"
1001202;2006-06-24;1;"Coördinatiecommissie Integraal Waterbeleid"
1001203;2006-06-24;1;wijnbouw
1001204;2006-06-24;1;"Vlaams Informatiepunt Jeugd"
1001205;2006-06-24;1;"Instituut voor Natuur- en Bosonderzoek"
1001206;2006-06-24;1;"Recuperatiefonds Studietoelagen"
1001207;2006-06-24;1;leerplichtonderwijs
1001208;2006-08-10;1;"Onderwijsdienstencentrum Hoger Onderwijs en Volwassenenonderwijs"
1001209;2006-06-24;1;RO-Vlaanderen
1001210;2006-06-24;1;"Inspectie RWO"
1001211;2006-06-24;1;"Waarborgfonds Microfinanciering"
1001212;2006-06-24;1;startverklaring
1001213;2006-06-24;1;"Agentschap voor Natuur en Bos"
1001214;2006-06-24;1;"ondernemerschapsbevorderende diensten"
1001216;2006-06-24;1;REG-actieplan
1001217;2006-06-24;1;woonbeleid
1001218;2006-06-24;1;Wonen-Vlaanderen
1001219;2006-06-24;1;"psychiatrisch ziekenhuis"
1001221;2006-06-24;1;"extern verzelfstandigd agentschap"
1001222;2006-06-24;1;"Vlaamse Regulator voor de Media"
1001223;2006-06-24;1;"Agentschap voor Binnenlands Bestuur"
1001224;2006-06-24;1;autocarchauffeur
1001225;2006-06-24;1;autobuschauffeur
1001226;2006-06-24;1;"brood- en banketbakker"
1001227;2006-06-24;1;callcenteroperator
1001228;2006-06-24;1;"industriële schilder"
1001229;2006-06-24;1;torenkraanbestuurder
1001230;2006-06-24;1;kapper
1001231;2006-06-24;1;kapper-salonbeheerder
1001232;2006-06-24;1;platwever
1001233;2006-06-24;1;"Kanaal Brussel-Schelde"
1001234;2006-06-24;1;knelpuntenberoep
1001235;2006-06-24;1;"Vlaams Personeelsstatuut"
1001236;2006-06-24;1;raamstatuut
1001237;2006-06-24;1;"Diensten voor het Algemeen Regeringsbeleid"
1001238;2006-06-24;1;"positieve actie"
1001239;2006-06-24;1;vrouwenemancipatie
1001240;2006-06-24;1;emancipatie
1001241;2006-06-24;1;verkiezingen
1001242;2006-06-24;1;werkgelegenhied
1001243;2006-06-24;1;"Openbare Vlaamse Afvalstoffenmaatschappij"
1001244;2006-06-24;1;milieuproject
1001245;2006-06-24;1;bouwproject
1001246;2006-06-24;1;beleidsdomein
1001247;2006-06-24;1;"Leefmilieu, Natuur en Energie"
1001248;2006-06-24;1;gemeenteraadsverkiezingen
1001249;2006-06-24;1;"Vlaams Agentschap Zorg en Gezondheid"
1001250;2006-06-30;1;Herstelfonds
1001251;2006-06-30;1;"onroerend erfgoed"
1001252;2006-06-30;1;"strategische adviesraad Ruimtelijke Ordening - Onroerend Erfgoed"
1001253;2006-07-03;1;thuiszorg
1001254;2006-07-26;1;woningbouwgebied
1001255;2006-07-26;1;woonvernieuwingsgebied
1001256;2006-07-28;1;sperperiode
1001257;2006-07-28;1;"Vlaamse Gebarentaal"
1001258;2006-07-28;1;"time-outprojecten (onderwijs)"
1001259;2006-07-28;1;buurtwinkel
1001260;2006-07-31;1;"Fonds voor Landbouw en Visserij"
1001262;2006-07-31;1;persoonlijke-assistentiebudget
1001263;2006-07-31;1;"Vlaamse Maatschappij voor Sociaal Wonen"
1001264;2006-07-31;1;"veterinaire en zoötechnische wetgeving"
1001265;2006-07-31;1;landbouwbedrijf
1001266;2006-07-31;1;tuinbouwbedrijf
1001267;2006-07-31;1;pluimvee
1001268;2006-08-01;1;levensmiddelen
1001269;2006-08-01;1;"Vlaams Subsidieagentschap voor Werk en Sociale Economie"
1001270;2006-08-01;1;fokvarkens
1001271;2006-08-01;1;schapenras
1001272;2006-08-01;1;geitenras
1001273;2006-08-02;1;rundersperma
1001274;2006-08-02;1;"Vlaamse Adviesraad voor Bestuurszaken"
1001275;2006-08-02;1;zorgregie
1001276;2006-08-02;1;"gelijke onderwijskansen"
1001277;2006-08-02;1;varkenssperma
1001278;2006-08-02;1;paardachtigen
1001279;2006-08-03;1;"agentschap Kunsten en Erfgoed"
1001280;2006-08-03;1;bosbouw
1001282;2006-08-03;1;melk
1001283;2006-08-03;1;planten
1001284;2006-08-04;1;"Fonds voor de kwaliteit van de Landbouwproductie"
1001285;2006-08-04;1;"Begrotingsfonds voor de productie en de bescherming van planten en plantaardige producten"
1001286;2006-08-04;1;konijn
1001287;2006-08-04;1;bedrijfsverzorging
1001288;2006-08-04;1;winwinlening
1001289;2006-08-04;1;siergewas
1001290;2006-08-07;1;tabak
1001291;2006-08-07;1;hoevezuivelproducten
1001292;2006-08-07;1;"Agentschap voor Onderwijsdiensten"
1001293;2006-08-07;1;pootaardappelen
1001294;2006-08-08;1;jobstudent
1001295;2006-08-10;1;"dienst met afzonderlijk beheer"
1001296;2006-08-10;1;"Agentschap ter Bevordering van de Lichamelijke Ontwikkeling, de Sport en de Openluchtrecreatie"
1001297;2006-08-10;1;"Interne Audit van de Vlaamse Administratie"
1001298;2006-08-11;1;"Sociaal-Cultureel Werk voor Jeugd en Volwassenen"
1001299;2006-08-31;1;voedselkwaliteitsregeling
1001300;2006-09-12;1;gezondheidsinformatiesysteem
1001301;2006-09-18;1;"DBFM (Design, Build, Finance, Maintain)"
1001302;2006-09-19;1;openbaredienstverplichting
1001303;2006-09-20;1;"Raad voor verkiezingsbetwistingen"
1001304;2006-09-21;1;uitgavenbegroting
1001305;2006-09-26;1;personenbelasting
1001306;2006-10-06;1;"openbare werken"
1001307;2006-10-16;1;"Economie, Wetenschap en Innovatie"
1001309;2006-10-20;1;e-government
1001310;2006-10-20;1;jongerenstage
1001311;2006-10-23;1;Kustwacht
1001312;2006-10-24;1;investeringswaarborg
1001313;2006-10-26;1;"Maritiem Reddings- en Coördinatiecentrum"
1001314;2006-10-26;1;havenkapitein
1001315;2006-10-30;1;masteropleiding
1001316;2006-10-31;1;watertoets
1001317;2006-11-03;1;"Interuniversitaire attractiepolen"
1001318;2006-11-06;1;Airbus
1001319;2006-11-06;1;luchtvaartindustrie
1001320;2006-11-10;1;"Agentschap Inspectie Welzijn, Volksgezondheid en Gezin"
1001321;2006-11-16;1;taalexamencommissie
1001322;2006-11-17;1;"duurzame landbouw"
1001323;2006-11-17;1;sierteelt
1001324;2006-11-24;1;"integratie van anderstaligen"
1001325;2006-11-28;1;"biomedisch onderzoek"
1001326;2006-12-01;1;warmtekrachtinstallatie
1001327;2006-12-04;1;"steunpunt beleidsrelevant onderzoek"
1001328;2006-12-06;1;klimaat
1001329;2006-12-15;1;natuurinrichtingsproject
1001330;2006-12-22;1;"Protocol van Kyoto"
1001331;2007-01-04;1;Life-fonds
1001332;2007-01-04;1;"Fonds ter Bevordering van de Sociale Economie in Vlaanderen"
1001333;2007-01-04;1;"Vlaams Toekomstfonds"
1001334;2007-01-08;1;waterverontreiniging
1001335;2007-01-12;1;"Ondersteunend Centrum van het Agentschap voor Natuur en Bos"
1001336;2007-01-15;1;"Europees Universitair Instituut"
1001337;2007-01-18;1;pacht
1001338;2007-02-05;1;Pendelfonds
1001339;2007-02-08;1;"belasting op de inverkeerstelling"
1001340;2007-02-08;1;startbaanovereenkomst
1001341;2007-02-08;1;e-platform
1001343;2007-02-09;1;"Vlaamse Grondenbank"
1001344;2007-02-12;1;"Duitstalige Gemeenschap"
1001345;2007-02-14;1;koelinstallatie
1001346;2007-02-14;1;"koeltechnisch bedrijf"
1001347;2007-02-20;1;regeringsafgevaardigde
1001348;2007-02-23;1;"lokale diensteneconomie"
1001349;2007-02-23;1;REG-decreet
1001350;2007-03-02;1;"basis- en tussenoverlegcomité"
1001351;2007-03-08;1;bio-ethiek
1001352;2007-03-21;1;"Fonds voor Scheepsjongens"
1001353;2007-03-21;1;renovatiepremie
1001354;2007-03-26;1;"Vlaamse Opera"
1001355;2007-03-27;1;EPB-decreet
1001356;2007-03-27;1;"De Grubbe"
1001357;2007-04-05;1;reisbureau
1001358;2007-04-12;1;"Werk en Sociale Economie"
1001359;2007-04-24;1;"stedenbouwkundige vergunning"
1001360;2007-04-30;1;"palliatieve verzorging"
1001361;2007-05-11;1;EPB-aangifte
1001362;2007-05-23;1;"evenwichtige vertegenwoordiging"
1001363;2007-06-08;1;sportschutter
1001364;2007-06-20;1;"Internationaal Vlaanderen"
1001365;2007-06-20;1;Brownfields
1001366;2007-06-21;1;bedrijvencentrum
1001367;2007-06-25;1;landbouwgewas
1001368;2007-06-25;1;groentegewas
1001369;2007-07-02;1;jeugdbescherming
1001370;2007-07-02;1;"Vzw Epos"
1001371;2007-07-02;1;"technologie en industriële technieken"
1001372;2007-07-02;1;ouderstage
1001373;2007-07-05;1;gezondheidsbeleid
1001374;2007-07-05;1;gezondheidsenquete
1001375;2007-07-06;1;"compendium voor monsterneming en analyse"
1001376;2007-07-20;1;"Landbouw en Visserij"
1001377;2007-07-24;1;"elektronisch loket"
1001378;2007-08-01;1;"Design Vlaanderen"
1001379;2007-08-02;1;suikerindustrie
1001381;2007-08-09;1;"evenredige participatie op de arbeidsmarkt"
1001382;2007-08-09;1;"diversiteit op de arbeidsmarkt"
1001383;2007-08-09;1;verwarmingstoestel
1001384;2007-09-06;1;paardenfokkerij
1001385;2007-09-06;1;ouderen
1001386;2007-09-12;1;erfdienstbaarheid
1001387;2007-09-13;1;sportbeleidsplan
1001388;2007-09-14;1;vrijwaringsovereenkomst
1001389;2007-10-02;1;"Koninklijke Academie voor Wetenschappen, Letteren en Schone Kunsten van België"
1001390;2007-10-04;1;"biologische diversiteit"
1001391;2007-10-09;1;"Fonds Stationsomgevingen"
1001392;2007-10-15;1;verwarmingsaudit
1001393;2007-10-15;1;CLIL-projecten
1001394;2007-10-15;1;"groene stroom"
1001395;2007-10-23;1;mini-crèche
1001396;2007-11-05;1;"hergebruik van overheidsinformatie"
1001397;2007-11-07;1;oorsprongsbenaming
1001398;2007-11-07;1;"geografische aanduiding"
1001399;2007-11-08;1;"Kerngroep participatie"
1001400;2007-11-19;1;"Agentschap Inspectie Ruimtelijke Ordening, Woonbeleid en Onroerend Erfgoed"
1001401;2007-11-20;1;studiekeuze
1001402;2007-11-20;1;werkplekleren
1001403;2007-11-23;1;"Europees Sociaal Fonds"
1001404;2007-12-03;1;"Agentschap Wegen en Verkeer"
1001405;2007-12-11;1;Herculesstichting
1001406;2008-01-03;1;Elia-heffing
1001407;2008-01-04;1;Bedrijfsadviessysteem
1001408;2008-01-04;1;provinciepersoneel
1001409;2008-01-04;1;"afgeschreven goederen"
1001410;2008-01-04;1;Cultuurinvest
1001411;2008-01-11;1;agrovoedingssector
1001412;2008-01-14;1;Auditautoriteit
1001413;2008-01-15;1;"Raad voor Cultuur, Jeugd, Sport en Media"
1001414;2008-02-11;1;"flankerend onderwijsbeleid"
1001415;2008-03-10;1;"Collegium Trilingue"
1001416;2008-03-13;1;"Europees Landbouwgarantiefonds"
1001417;2008-03-13;1;"Europees Landbouwfonds voor Plattelandsontwikkeling"
1001418;2008-03-17;1;"adviescommissie natuurreservaten"
1001419;2008-03-17;1;"Instituut voor de aanmoediging van Innovatie door Wetenschap en Technologie in Vlaanderen"
1001420;2008-03-20;1;energieaudit
1001421;2008-03-26;1;"publiek-private samenwerking"
1001422;2008-04-01;1;habitatrichtlijn
1001423;2008-04-01;1;"speciale beschermingszones"
1001424;2008-04-04;1;Participatiedecreet
1001425;2008-04-07;1;"Vlaams onderhandelingscomité voor de basiseducatie"
1001428;2008-05-06;1;KLIP
1001429;2008-05-06;1;"Kabel- en Leiding Informatie Portaal"
1001430;2008-05-27;1;"Internationale Scheldecommissie"
1001431;2008-06-10;1;"energiebesparende investeringen"
1001432;2008-06-10;1;verkeersreglement
1001433;2008-06-10;1;verkeerstekens
1001434;2008-06-13;1;"lokaal pact"
1001435;2008-06-13;1;"Limburgse Strategische Ontwikkelingsmaatschappij"
1001436;2008-06-16;1;mensenhandel
1001437;2008-06-16;1;onthaalouder
1001438;2008-06-26;1;"rationeel energiegebruik"
1001439;2008-07-01;1;"agentschap Zorg en Gezondheid"
1001440;2008-07-15;1;ouderkoepelvereniging
1001441;2008-07-18;1;rookverbod
1001442;2008-08-04;1;erfgoedbeleid
1001443;2008-08-12;1;"Universiteit Hasselt"
1001444;2008-08-14;1;"Vlaams Centrum Schuldenlast"
1001445;2008-08-18;1;"ombudsdienst volwassenenonderwijs"
1001446;2008-08-21;1;zonne-energie
1001447;2008-08-29;1;"zorg- en bijstandsverlening"
1001448;2008-09-15;1;Scheldeverdragen
1001449;2008-09-17;1;heraldiek
1001450;2008-09-17;1;"wapens en munitie"
1001451;2008-09-26;1;jeugdrechten
1001452;2008-09-26;1;"kind- en jongere-effectrapport"
1001453;2008-10-03;1;Legitimatiekaart
1001454;2008-10-22;1;"Luchthavenontwikkelingsmaatschappij Oostende-Brugge"
1001455;2008-10-22;1;"Luchthavenontwikkelingsmaatschappij Kortrijk-Wevelgem"
1001456;2008-10-22;1;"Gemeenschappelijke nautische autoriteit"
1001457;2008-10-23;1;"aanmoedigingsfonds hoger onderwijs"
1001458;2008-10-29;1;"elektronisch bestuurlijk gegevensverkeer"
1001459;2008-10-29;1;MAGDA-samenwerkingsverband
1001460;2008-11-12;1;vlacoro
1001461;2008-11-13;1;"UZ Gent"
1001462;2008-11-13;1;"UZ Antwerpen"
1001463;2008-11-17;1;CLB
1001464;2008-11-24;1;"centrum voor landbouweducatie"
1001465;2008-11-24;1;landbouweducatie
1001466;2008-11-25;1;cultuurpact
1001467;2008-11-26;1;volwassenenwerk
1001468;2008-12-03;1;provincieweg
1001469;2009-01-15;1;"Fonds Inschrijvingsgelden Centra voor Volwassenenonderwijs"
1001470;2009-01-15;1;"persoonsgebonden budget"
1001471;2009-01-16;1;"intergemeentelijke ondewijsvereniging"
1001472;2009-01-16;1;IGOV
1001473;2009-01-21;1;VLIF
1001474;2009-01-28;1;"Flanders House"
1001475;2009-02-03;1;topsport
1001476;2009-02-10;1;milieuhandhaving
1001477;2009-02-12;1;"Uitleendienst Kampeermateriaal voor de Jeugd"
1001478;2009-02-19;1;ziektepreventie
1001479;2009-02-19;1;"preventief gezondheidsbeleid"
1001480;2009-02-19;1;"River Information Services"
1001481;2009-02-20;1;"biologische producten"
1001482;2009-03-02;1;"Intern verzelfstandigd agentschap jongerenwelzijn"
1001483;2009-03-02;1;"Agentschap Jongerenwelzijn"
1001484;2009-03-02;1;"Welzijn, Volksgezondheid en Gezin"
1001485;2009-03-03;1;roetfilter
1001486;2009-03-06;1;"Agentschap Ondernemen"
1001487;2009-03-06;1;"Comité voor Preventief Bedrijfsbeleid"
1001488;2009-03-19;1;"loco-regionaal gezondheidsoverleg en -organisatie"
1001489;2009-03-19;1;"Vlaamse Hoge Raad voor de Milieuhandhaving"
1001490;2009-03-19;1;"NV Lijninvest"
1001491;2009-03-23;1;"Commissie Efficiënte en Effectieve Overheid"
1001492;2009-03-26;1;"Vlaams Ondersteuningscentrum voor het Volwassenenonderwijs"
1001493;2009-03-26;1;overheidsschuld
1001494;2009-03-26;1;remuneratiecomité
1001495;2009-03-30;1;"Agentschap Wonen-Vlaanderen"
1001496;2009-04-17;1;sectorconvenants
1001497;2009-04-20;1;"Mobiliteitsplan Vlaanderen"
1001498;2009-04-24;1;vechtsport
1001499;2009-04-28;1;"Geografische Data-Infrastructuur"
1001500;2009-04-28;1;Inspire
1001501;2009-05-04;1;"genetisch gemodificeerde organismen"
1001502;2009-05-06;1;waarborgdecreet
1001503;2009-05-08;1;toegankelijkheid
1001504;2009-05-14;1;ouderenzorg
1001505;2009-05-14;1;woonzorg
1001506;2009-05-26;1;taalkennis
1001507;2009-05-28;1;vogelrichtlijn
1001508;2009-06-05;1;"NV Vlaamse Havens"
1001509;2009-06-16;1;conformiteitsattest
1001510;2009-07-01;1;"Centraal Referentieadressenbestand"
1001511;2009-07-02;1;"Vlaams Ecologisch Netwerk"
1001512;2009-07-03;1;rooilijn
1001513;2009-07-06;1;"Agentschap voor Innovatie door Wetenschap en Technologie"
1001514;2009-07-06;1;"Flanders Technology International"
1001515;2009-07-06;1;ondergrond
1001516;2009-07-07;1;"Vlaamse Regulator van de Elektriciteits- en Gasmarkt"
1001517;2009-07-07;1;VREG
1001518;2009-07-07;1;Energiedecreet
1001519;2009-07-07;1;Energiefonds
1001520;2009-07-16;1;"Agentschap voor Kwaliteitszorg in Onderwijs en Vorming"
1001521;2009-07-16;1;kwalificatiestructuur
1001522;2009-08-13;1;soortenbesluit
1001523;2009-08-14;1;schoolfruitregeling
1001524;2009-08-14;1;mantelzorg
1001525;2009-08-21;1;"Vlaamse Codex Ruimtelijke Ordening"
1001526;2009-08-24;1;planbaten
1001527;2009-08-26;1;"Raad voor vergunningsbetwistingen"
1001528;2009-08-31;1;VAIS
1001529;2009-08-31;1;"internationaal ondernemen"
1001530;2009-09-02;1;bedrijfsgezondheidszorg
1001531;2009-09-04;1;"Vlaamse overkoepelende studentensportvereniging"
1001532;2009-09-10;1;rechtspositie
1001533;2009-09-10;1;schoolinfrastructuur
1001534;2009-09-18;1;"Vrije Universiteit Brussel"
1001535;2009-09-24;1;bedrijfsstage
1001536;2009-09-30;1;"Vlaamse Luchthavencommissie"
1001537;2009-10-05;1;"onderwijs en vorming"
1001539;2009-10-15;1;"Hoge Raad voor het Handhavingsbeleid"
1001540;2009-10-22;1;"onderneming in moeilijkheden"
1001541;2009-10-22;1;"onderneming in herstructurering"
1001542;2009-11-13;1;"Subsidieagentschap voor Werk en Sociale Economie"
1001543;2009-11-27;1;sportinfrastructuur
1001544;2009-12-04;1;VLEVA
1001545;2009-12-04;1;"Vlaams-Europees Verbindingsagentschap"
1001546;2009-12-21;1;urgentiebesluit
1001547;2010-01-06;1;mentorschap
1001548;2010-01-06;1;vastgoedakten
1001549;2010-01-06;1;"Fonds Vastgoedakten"
1001550;2010-01-06;1;"Fonds ter reductie van de globale energiekost"
1001551;2010-01-06;1;"Fonds voor de verwerving, het beheer en de vervreemding van onroerende goederen"
1001552;2010-01-12;1;GDI
1001553;2010-01-18;1;"sociale lening"
1001554;2010-01-29;1;"kasteel van Ham"
1001555;2010-01-29;1;Dienstenrichtlijn
1001556;2010-01-29;1;EDRL
1001557;2010-02-25;1;APKB
1001558;2010-02-25;1;"strafrechtelijke verantwoordelijkheid"
1001559;2010-03-01;1;vermogensaangifte
1001560;2010-03-16;1;"onbevaarbare waterlopen"
1001561;2010-03-18;1;"cultureel centrum"
1001562;2010-04-22;1;toneel
1001564;2010-05-07;1;Fokkerijbesluit
1001565;2010-05-19;1;"Vlaamse Raad voor Wetenschap en Innovatie"
1001566;2010-06-18;1;"evenwichtige participatie"
1001567;2010-07-05;1;zeevaart
1001568;2010-08-05;1;archiefdecreet
1001569;2010-09-02;1;ILVO
1001570;2010-09-10;1;"Fonds voor Scheepsjongeren"
1001571;2010-11-30;1;verkeersbelasting
1001572;2010-12-09;1;energiebesluit
1001574;2011-01-04;1;"Muntpunt vzw"
1001575;2011-01-05;1;"Gemeenschappelijke Sociale Dienst Lokale Besturen in Vlaanderen"
1001576;2011-01-11;1;stroomgebiedbeheerplan
1001577;2011-01-28;1;"gewestelijke milieuvergunningscommissie"
1001578;2011-02-01;1;VLAREL
1001579;2011-02-04;1;integratiebeleid
1001580;2011-02-04;1;personenvervoer
1001581;2011-02-23;1;stagefinanciering
1001582;2011-06-21;1;"sociaal-cultureel volwassenenwerk"
1001583;2011-07-12;1;milieuhandhavingscollege
1001584;2011-07-13;1;OPZ
1001585;2011-07-14;1;personeelsmobiliteit
1001586;2011-07-22;1;JoKER
1001587;2011-07-22;1;"dienst voor gastopvang"
1001588;2011-07-22;1;gedetineerden
1001589;2011-07-26;1;bevolkingsregister
1001590;2011-08-05;1;rekendecreet
1001591;2011-08-10;1;"Memoriaal van de Vlaamse Ontvoogding en Vrede"
1001592;2011-08-10;1;"NV Vlaams Energiebedrijf"
1001593;2011-08-11;1;planlastendecreet
1001594;2011-08-19;1;"agentschap Ruimtelijke Ordening"
1001595;2011-10-05;1;eerstelijnsgezondheidszorg
1001596;2011-10-13;1;milieuschade
1001597;2011-10-26;1;ouderenvoorzieningen
1001598;2011-10-26;1;"woningcomplex met dienstverlening"
1001599;2011-10-28;1;studenttutoring
1001600;2011-11-23;1;cleantech
1001601;2011-11-23;1;"vzw I-Cleantech"
1001602;2011-12-23;1;Benelux
1001603;2012-01-03;1;noodweer
1001604;2012-01-04;1;"Fonds ter bestrijding van de uithuiszettingen"
1001605;2012-01-06;1;registratierechten
1001606;2012-01-06;1;hypotheekrechten
1001607;2012-01-06;1;griffierechten
1001608;2012-01-10;1;"Agentschap Onroerend Erfgoed"
1001609;2012-02-08;1;"Agentschap RO - Vlaanderen"
1001610;2012-02-17;1;"Winkelen in Vlaanderen"
1001611;2012-02-28;1;materiaalkringlopen
1001612;2012-03-02;1;"Vlaams Centrum voor Adoptie"
1001613;2012-03-02;1;Mestdecreet
1001614;2012-03-09;1;"centrum voor herstelverblijf"
1001615;2012-03-14;1;schenkingsrechten
1001616;2012-03-14;1;"familiale onderneming"
1001617;2012-03-22;1;"Rollend Grondfonds"
1001618;2012-03-29;1;zeevisserij
1001621;2012-04-05;1;DAC
1001622;2012-04-18;1;AGIV
1001623;2012-04-26;1;"I-Cleantech Vlaanderen"
1001624;2012-04-26;1;ICTV
1001625;2012-04-27;1;"economisch ondersteuningsbeleid"
1001626;2012-04-27;1;"Ruimtelijke ordening, Woonbeleid en Onroerend Erfgoed"
1001627;2012-05-24;1;"duurzaam afvalbeheer"
1001628;2012-07-04;1;wapenhandel
1001629;2012-07-16;1;"Vlaamse tolkentelefoon"
1001630;2012-07-17;1;"recht van antwoord"
1001631;2012-07-17;1;persmisdrijf
1001632;2012-07-24;1;"Vlaams Klimaatfonds"
1001633;2012-08-01;1;"Vlaamse dienstenintegrator"
1001634;2012-08-01;1;"DAB Informatie Vlaanderen"
1001635;2012-08-08;1;"Vlaamse vereniging voor ICT-personeel"
1001636;2012-08-10;1;"Vlaamse voorkooprechten"
1001637;2012-08-13;1;"DAB Digitale Drukkerij"
1001638;2012-08-16;1;"Sport voor allen"
1001639;2012-08-16;1;pleegzorg
1001640;2012-08-17;1;varkens
1001641;2012-08-23;1;"sociale bescherming"
1001642;2012-08-23;1;"Agentschap voor Vlaamse sociale bescherming"
1001643;2012-08-24;1;gemeentedecreet
1001644;2012-08-24;1;provinciedecreet
1001645;2012-08-24;1;OCMW-decreet
1001646;2012-09-03;1;"cultureel erfgoed"
1001647;2012-09-04;1;provincieraadsverkiezingen
1001648;2012-09-06;1;gastopvang
1001649;2012-09-07;1;"sociale verhuurkantoren"
1001650;2012-09-20;1;Zeevaartonderwijs
1001651;2012-10-05;1;autosnelweg
1001652;2012-10-10;1;"DAB IAVA"
1001653;2012-10-24;1;"Agentschap Sociaal-Cultureel Werk voor Jeugd en Volwassenen"
1001654;2012-10-26;1;ondernemerschapstraject
1001655;2012-11-26;1;"DAB Veiling Emissierechten"
1001656;2012-11-29;1;"centrum voor volwassenenonderwijs"
1001657;2012-12-06;1;"agentschap Hoger Onderwijs, Volwassenenonderwijs en Studietoelagen"
1001659;2013-01-18;1;"agentschap zorginspectie"
1001660;2013-01-22;1;"ethisch verantwoord sporten"
1001661;2013-01-23;1;"sociale innovatie"
1001662;2013-01-23;1;"Agentschap voor Sociaal-Cultureel Werk voor Jeugd en Volwassenen"
1001663;2013-01-25;1;"Vlaamse sociale bescherming"
